solid OpenSCAD_Model
  facet normal -1 0 0
    outer loop
      vertex 21.995 22.2 -21.5
      vertex 21.995 24.005027906976743 -19.675055813953488
      vertex 21.995 24.0056511627907 -19.675302325581395
    endloop
  endfacet
  facet normal 0.05577865915091116 -0.9984431587142688 -9.68461665478767e-17
    outer loop
      vertex 22.005 22.2 -21.5
      vertex 28.804931441935636 22.579882474869894 -18.3
      vertex 27.245875518331015 22.492784828698493 -18.3
    endloop
  endfacet
  facet normal 0 0 -1
    outer loop
      vertex 21.995 22.2 -21.5
      vertex 22.005 37.8 -21.5
      vertex 22.005 22.2 -21.5
    endloop
  endfacet
  facet normal -1 0 0
    outer loop
      vertex 21.995 22.2 -21.5
      vertex 21.995 24.0056511627907 -19.675302325581395
      vertex 21.995 37.8 -21.5
    endloop
  endfacet
  facet normal 0 0 -1
    outer loop
      vertex 21.995 22.2 -21.5
      vertex 21.995 37.8 -21.5
      vertex 22.005 37.8 -21.5
    endloop
  endfacet
  facet normal -1 0 0
    outer loop
      vertex 21.995 24.0056511627907 -19.675302325581395
      vertex 21.995 35.9943488372093 -19.675302325581395
      vertex 21.995 37.8 -21.5
    endloop
  endfacet
  facet normal -1 0 0
    outer loop
      vertex 21.995 35.9943488372093 -19.675302325581395
      vertex 21.995 35.99497209302326 -19.675055813953488
      vertex 21.995 37.8 -21.5
    endloop
  endfacet
  facet normal -1 0 0
    outer loop
      vertex 21.995 35.99497209302326 -19.675055813953488
      vertex 21.995 37.2 -12.9
      vertex 21.995 37.8 -21.5
    endloop
  endfacet
  facet normal 0 1 0
    outer loop
      vertex 21.995 37.8 -21.5
      vertex 22.005 37.8 -12.9
      vertex 22.005 37.8 -21.5
    endloop
  endfacet
  facet normal -1 0 0
    outer loop
      vertex 21.995 37.8 -21.5
      vertex 21.995 37.2 -12.9
      vertex 21.995 37.8 -12.9
    endloop
  endfacet
  facet normal 0 1 0
    outer loop
      vertex 21.995 37.8 -21.5
      vertex 21.995 37.8 -12.9
      vertex 22.005 37.8 -12.9
    endloop
  endfacet
  facet normal 0.05577865915091078 0.9984431587142688 0
    outer loop
      vertex 22.005 37.8 -21.5
      vertex 22.005 37.8 -12.9
      vertex 62.3175 35.547916666666666 -6.262499999999999
    endloop
  endfacet
  facet normal 0.055778659150910494 -0.9984431587142688 1.3630162873157054e-15
    outer loop
      vertex 22.005 22.2 -21.5
      vertex 62.3175 24.452083333333334 -10.327083333333336
      vertex 28.804931441935636 22.579882474869894 -18.3
    endloop
  endfacet
  facet normal 0.26463519589618695 0 -0.9643485952149184
    outer loop
      vertex 22.005 22.2 -21.5
      vertex 22.005 37.8 -21.5
      vertex 64.995 24.899372093023256 -9.70274418604651
    endloop
  endfacet
  facet normal 0.05577865915091189 -0.9984431587142688 -4.434006266223529e-15
    outer loop
      vertex 28.804931441935636 22.579882474869894 -18.3
      vertex 41.489120764074414 23.28849274139351 -14.7
      vertex 40.54175234875388 23.23556740511643 -14.7
    endloop
  endfacet
  facet normal 0.055778659150911104 -0.9984431587142687 -1.3251541775730435e-15
    outer loop
      vertex 28.804931441935636 22.579882474869894 -18.3
      vertex 62.3175 24.452083333333334 -10.327083333333336
      vertex 41.489120764074414 23.28849274139351 -14.7
    endloop
  endfacet
  facet normal 0.26809095653163817 -0.35433468070266283 -0.8958650417765466
    outer loop
      vertex 22.005 22.2 -21.5
      vertex 64.995 24.899372093023256 -9.70274418604651
      vertex 62.3175 24.452083333333334 -10.327083333333336
    endloop
  endfacet
  facet normal 0.05577865915090997 -0.9984431587142687 2.6670783662712622e-15
    outer loop
      vertex 41.489120764074414 23.28849274139351 -14.7
      vertex 55.21178172762056 24.05511788359472 -11.166666666666668
      vertex 52.86470546480295 23.92399698229726 -11.166666666666668
    endloop
  endfacet
  facet normal 0.26809095653163817 0.35433468070265794 -0.8958650417765484
    outer loop
      vertex 22.005 37.8 -21.5
      vertex 62.3175 35.547916666666666 -10.327083333333336
      vertex 64.995 35.10062790697674 -9.70274418604651
    endloop
  endfacet
  facet normal 0.055778659150910764 0.9984431587142688 3.2472748484571545e-17
    outer loop
      vertex 22.005 37.8 -21.5
      vertex 62.3175 35.547916666666666 -6.262499999999999
      vertex 62.3175 35.547916666666666 -10.327083333333336
    endloop
  endfacet
  facet normal 0 -1 0
    outer loop
      vertex 21.995 22.2 -21.5
      vertex 22.005 22.2 -21.5
      vertex 21.995 22.2 21.5
    endloop
  endfacet
  facet normal 0.055778659150911125 -0.9984431587142687 0
    outer loop
      vertex 22.005 22.2 -21.5
      vertex 27.245875518331015 22.492784828698493 -18.3
      vertex 22.005 22.2 21.5
    endloop
  endfacet
  facet normal -1 0 0
    outer loop
      vertex 21.995 22.2 -21.5
      vertex 21.995 22.2 21.5
      vertex 21.995 24.005027906976743 -19.675055813953488
    endloop
  endfacet
  facet normal 0.05577865915091065 -0.9984431587142688 0
    outer loop
      vertex 28.804931441935636 22.579882474869894 -18.3
      vertex 40.54175234875388 23.23556740511643 -14.7
      vertex 28.804931441935636 22.579882474869894 18.3
    endloop
  endfacet
  facet normal -1 0 0
    outer loop
      vertex 21.995 35.99497209302326 -19.675055813953488
      vertex 21.995 37.2 12.9
      vertex 21.995 37.2 -12.9
    endloop
  endfacet
  facet normal 0.05577865915091084 -0.9984431587142688 0
    outer loop
      vertex 41.489120764074414 23.28849274139351 -14.7
      vertex 52.86470546480295 23.92399698229726 -11.166666666666668
      vertex 41.489120764074414 23.28849274139351 14.7
    endloop
  endfacet
  facet normal 0.05577865915091146 -0.9984431587142687 -3.144138367849572e-15
    outer loop
      vertex 41.489120764074414 23.28849274139351 -14.7
      vertex 62.3175 24.452083333333334 -10.327083333333336
      vertex 55.21178172762056 24.05511788359472 -11.166666666666668
    endloop
  endfacet
  facet normal 0.2646351958961869 -5.776357956200402e-17 -0.9643485952149186
    outer loop
      vertex 22.005 37.8 -21.5
      vertex 64.995 35.10062790697674 -9.70274418604651
      vertex 64.995 24.899372093023256 -9.70274418604651
    endloop
  endfacet
  facet normal 0.26809095653164644 -0.35433468070290586 -0.895865041776448
    outer loop
      vertex 62.3175 24.452083333333334 -10.327083333333336
      vertex 64.995 24.899372093023256 -9.70274418604651
      vertex 64.995 24.898333333333333 -9.702333333333332
    endloop
  endfacet
  facet normal 0.05577865915091113 -0.9984431587142687 0
    outer loop
      vertex 55.21178172762056 24.05511788359472 -11.166666666666668
      vertex 62.3175 24.452083333333334 -10.327083333333336
      vertex 55.21178172762056 24.05511788359472 11.166666666666668
    endloop
  endfacet
  facet normal 0.16439898730535685 -0.9863939238321436 8.363664733003734e-19
    outer loop
      vertex 62.3175 24.452083333333334 -10.327083333333336
      vertex 64.995 24.898333333333333 -9.702333333333332
      vertex 64.995 24.898333333333333 9.702333333333332
    endloop
  endfacet
  facet normal 0.26809095653158366 0.3543346807018534 -0.8958650417768829
    outer loop
      vertex 62.3175 35.547916666666666 -10.327083333333336
      vertex 64.995 35.10166666666667 -9.702333333333332
      vertex 64.995 35.10062790697674 -9.70274418604651
    endloop
  endfacet
  facet normal 0.16439898730535688 0.9863939238321437 0
    outer loop
      vertex 62.3175 35.547916666666666 -10.327083333333336
      vertex 62.3175 35.547916666666666 -6.262499999999999
      vertex 64.995 35.10166666666667 -9.702333333333332
    endloop
  endfacet
  facet normal 0.16439898730535685 0.9863939238321439 -4.182098007701908e-18
    outer loop
      vertex 62.3175 35.547916666666666 -6.262499999999999
      vertex 64.995 35.10166666666667 -5.821646511627906
      vertex 64.995 35.10166666666667 -9.702333333333332
    endloop
  endfacet
  facet normal 0 -1 0
    outer loop
      vertex 22.005 22.2 -21.5
      vertex 22.005 22.2 21.5
      vertex 21.995 22.2 21.5
    endloop
  endfacet
  facet normal -1 0 0
    outer loop
      vertex 21.995 24.005027906976743 -19.675055813953488
      vertex 21.995 22.2 21.5
      vertex 21.995 24.005027906976743 19.675055813953488
    endloop
  endfacet
  facet normal 0.055778659150911125 -0.9984431587142688 0
    outer loop
      vertex 27.245875518331015 22.492784828698493 -18.3
      vertex 27.245875518331015 22.492784828698493 18.3
      vertex 22.005 22.2 21.5
    endloop
  endfacet
  facet normal -1 0 0
    outer loop
      vertex 21.995 35.99497209302326 -19.675055813953488
      vertex 21.995 35.99497209302326 19.675055813953488
      vertex 21.995 37.2 12.9
    endloop
  endfacet
  facet normal 0.05577865915091084 -0.9984431587142688 0
    outer loop
      vertex 52.86470546480295 23.92399698229726 -11.166666666666668
      vertex 52.86470546480295 23.92399698229726 11.166666666666668
      vertex 41.489120764074414 23.28849274139351 14.7
    endloop
  endfacet
  facet normal 0.05577865915091066 -0.9984431587142688 0
    outer loop
      vertex 40.54175234875388 23.23556740511643 -14.7
      vertex 40.54175234875388 23.23556740511643 14.7
      vertex 28.804931441935636 22.579882474869894 18.3
    endloop
  endfacet
  facet normal 0.055778659150910785 0.9984431587142688 3.2472748484571545e-17
    outer loop
      vertex 22.005 37.8 12.9
      vertex 62.3175 35.547916666666666 10.327083333333336
      vertex 62.3175 35.547916666666666 6.262499999999999
    endloop
  endfacet
  facet normal -1 0 0
    outer loop
      vertex 21.995 22.2 21.5
      vertex 21.995 24.0056511627907 19.675302325581395
      vertex 21.995 24.005027906976743 19.675055813953488
    endloop
  endfacet
  facet normal 0.05577865915091118 -0.9984431587142688 6.737205809769207e-17
    outer loop
      vertex 22.005 22.2 21.5
      vertex 27.245875518331015 22.492784828698493 18.3
      vertex 28.804931441935636 22.579882474869894 18.3
    endloop
  endfacet
  facet normal 0 0 1
    outer loop
      vertex 21.995 22.2 21.5
      vertex 22.005 22.2 21.5
      vertex 22.005 37.8 21.5
    endloop
  endfacet
  facet normal -1 0 0
    outer loop
      vertex 21.995 22.2 21.5
      vertex 21.995 37.8 21.5
      vertex 21.995 24.0056511627907 19.675302325581395
    endloop
  endfacet
  facet normal -1 0 0
    outer loop
      vertex 21.995 37.2 12.9
      vertex 21.995 37.8 21.5
      vertex 21.995 37.8 12.9
    endloop
  endfacet
  facet normal 0 1 0
    outer loop
      vertex 21.995 37.8 12.9
      vertex 22.005 37.8 21.5
      vertex 22.005 37.8 12.9
    endloop
  endfacet
  facet normal 0.05577865915091078 0.9984431587142688 0
    outer loop
      vertex 22.005 37.8 12.9
      vertex 22.005 37.8 21.5
      vertex 62.3175 35.547916666666666 10.327083333333336
    endloop
  endfacet
  facet normal -1 0 0
    outer loop
      vertex 21.995 24.0056511627907 19.675302325581395
      vertex 21.995 37.8 21.5
      vertex 21.995 35.9943488372093 19.675302325581395
    endloop
  endfacet
  facet normal 0 0 1
    outer loop
      vertex 21.995 22.2 21.5
      vertex 22.005 37.8 21.5
      vertex 21.995 37.8 21.5
    endloop
  endfacet
  facet normal -1 0 0
    outer loop
      vertex 21.995 35.99497209302326 19.675055813953488
      vertex 21.995 37.8 21.5
      vertex 21.995 37.2 12.9
    endloop
  endfacet
  facet normal 0 1 0
    outer loop
      vertex 21.995 37.8 12.9
      vertex 21.995 37.8 21.5
      vertex 22.005 37.8 21.5
    endloop
  endfacet
  facet normal -1 0 0
    outer loop
      vertex 21.995 35.99497209302326 19.675055813953488
      vertex 21.995 35.9943488372093 19.675302325581395
      vertex 21.995 37.8 21.5
    endloop
  endfacet
  facet normal 0.05577865915091196 -0.9984431587142687 4.50259993742707e-15
    outer loop
      vertex 28.804931441935636 22.579882474869894 18.3
      vertex 40.54175234875388 23.23556740511643 14.7
      vertex 41.489120764074414 23.28849274139351 14.7
    endloop
  endfacet
  facet normal 0.055778659150909966 -0.9984431587142687 -2.602996289066682e-15
    outer loop
      vertex 41.489120764074414 23.28849274139351 14.7
      vertex 52.86470546480295 23.92399698229726 11.166666666666668
      vertex 55.21178172762056 24.05511788359472 11.166666666666668
    endloop
  endfacet
  facet normal 0.055778659150911104 -0.9984431587142687 1.1921411923964644e-15
    outer loop
      vertex 28.804931441935636 22.579882474869894 18.3
      vertex 41.489120764074414 23.28849274139351 14.7
      vertex 62.3175 24.452083333333334 10.327083333333336
    endloop
  endfacet
  facet normal 0.26809095653163806 -0.3543346807026619 0.8958650417765468
    outer loop
      vertex 22.005 22.2 21.5
      vertex 62.3175 24.452083333333334 10.327083333333336
      vertex 64.995 24.899372093023256 9.70274418604651
    endloop
  endfacet
  facet normal 0.0557786591509105 -0.9984431587142688 -1.3749761778373374e-15
    outer loop
      vertex 22.005 22.2 21.5
      vertex 28.804931441935636 22.579882474869894 18.3
      vertex 62.3175 24.452083333333334 10.327083333333336
    endloop
  endfacet
  facet normal 0.2680909565316381 0.35433468070265894 0.895865041776548
    outer loop
      vertex 22.005 37.8 21.5
      vertex 64.995 35.10062790697674 9.70274418604651
      vertex 62.3175 35.547916666666666 10.327083333333336
    endloop
  endfacet
  facet normal 0.26463519589618695 0 0.9643485952149184
    outer loop
      vertex 22.005 22.2 21.5
      vertex 64.995 35.10062790697674 9.70274418604651
      vertex 22.005 37.8 21.5
    endloop
  endfacet
  facet normal 0.05577865915091113 -0.9984431587142688 0
    outer loop
      vertex 62.3175 24.452083333333334 -10.327083333333336
      vertex 62.3175 24.452083333333334 10.327083333333336
      vertex 55.21178172762056 24.05511788359472 11.166666666666668
    endloop
  endfacet
  facet normal 0.16439898730535685 -0.9863939238321437 0
    outer loop
      vertex 62.3175 24.452083333333334 -10.327083333333336
      vertex 64.995 24.898333333333333 9.702333333333332
      vertex 62.3175 24.452083333333334 10.327083333333336
    endloop
  endfacet
  facet normal 0.2680909565316557 -0.3543346807028939 0.8958650417764497
    outer loop
      vertex 62.3175 24.452083333333334 10.327083333333336
      vertex 64.995 24.898333333333333 9.702333333333332
      vertex 64.995 24.899372093023256 9.70274418604651
    endloop
  endfacet
  facet normal 0.16439898730535688 0.9863939238321437 0
    outer loop
      vertex 62.3175 35.547916666666666 6.262499999999999
      vertex 62.3175 35.547916666666666 10.327083333333336
      vertex 64.995 35.10166666666667 5.821646511627906
    endloop
  endfacet
  facet normal 0.16439898730535685 0.9863939238321439 -4.182098007701908e-18
    outer loop
      vertex 62.3175 35.547916666666666 10.327083333333336
      vertex 64.995 35.10166666666667 9.702333333333332
      vertex 64.995 35.10166666666667 5.821646511627906
    endloop
  endfacet
  facet normal 0.2680909565315885 0.35433468070188434 0.8958650417768691
    outer loop
      vertex 62.3175 35.547916666666666 10.327083333333336
      vertex 64.995 35.10062790697674 9.70274418604651
      vertex 64.995 35.10166666666667 9.702333333333332
    endloop
  endfacet
  facet normal 0.055778659150911486 -0.9984431587142687 3.137216870862172e-15
    outer loop
      vertex 41.489120764074414 23.28849274139351 14.7
      vertex 55.21178172762056 24.05511788359472 11.166666666666668
      vertex 62.3175 24.452083333333334 10.327083333333336
    endloop
  endfacet
  facet normal 0.2646351958961869 5.776357956200402e-17 0.9643485952149186
    outer loop
      vertex 22.005 22.2 21.5
      vertex 64.995 24.899372093023256 9.70274418604651
      vertex 64.995 35.10062790697674 9.70274418604651
    endloop
  endfacet
  facet normal -1 0 0
    outer loop
      vertex 21.995 -35.9943488372093 -19.675302325581395
      vertex 21.995 -37.8 -21.5
      vertex 21.995 -35.99497209302326 -19.675055813953488
    endloop
  endfacet
  facet normal 0 -1 0
    outer loop
      vertex 21.995 -37.8 -21.5
      vertex 22.005 -37.8 -21.5
      vertex 22.005 -37.8 -12.9
    endloop
  endfacet
  facet normal -1 0 0
    outer loop
      vertex 21.995 -35.99497209302326 -19.675055813953488
      vertex 21.995 -37.8 -21.5
      vertex 21.995 -37.2 -12.9
    endloop
  endfacet
  facet normal 0 0 -1
    outer loop
      vertex 21.995 -22.2 -21.5
      vertex 22.005 -37.8 -21.5
      vertex 21.995 -37.8 -21.5
    endloop
  endfacet
  facet normal -1 0 0
    outer loop
      vertex 21.995 -24.0056511627907 -19.675302325581395
      vertex 21.995 -37.8 -21.5
      vertex 21.995 -35.9943488372093 -19.675302325581395
    endloop
  endfacet
  facet normal 0 -1 0
    outer loop
      vertex 21.995 -37.8 -21.5
      vertex 22.005 -37.8 -12.9
      vertex 21.995 -37.8 -12.9
    endloop
  endfacet
  facet normal -1 0 0
    outer loop
      vertex 21.995 -37.8 -21.5
      vertex 21.995 -37.8 -12.9
      vertex 21.995 -37.2 -12.9
    endloop
  endfacet
  facet normal 0.05577865915091078 -0.9984431587142688 0
    outer loop
      vertex 22.005 -37.8 -21.5
      vertex 62.3175 -35.547916666666666 -6.262499999999999
      vertex 22.005 -37.8 -12.9
    endloop
  endfacet
  facet normal -1 0 0
    outer loop
      vertex 21.995 -22.2 -21.5
      vertex 21.995 -37.8 -21.5
      vertex 21.995 -24.0056511627907 -19.675302325581395
    endloop
  endfacet
  facet normal 0 0 -1
    outer loop
      vertex 21.995 -22.2 -21.5
      vertex 22.005 -22.2 -21.5
      vertex 22.005 -37.8 -21.5
    endloop
  endfacet
  facet normal -1 0 0
    outer loop
      vertex 21.995 -22.2 -21.5
      vertex 21.995 -24.0056511627907 -19.675302325581395
      vertex 21.995 -24.005027906976743 -19.675055813953488
    endloop
  endfacet
  facet normal 0.05577865915091118 0.9984431587142688 -6.737205809769207e-17
    outer loop
      vertex 22.005 -22.2 -21.5
      vertex 27.245875518331015 -22.492784828698493 -18.3
      vertex 28.804931441935636 -22.579882474869894 -18.3
    endloop
  endfacet
  facet normal 0.2680909565316381 -0.35433468070265894 -0.895865041776548
    outer loop
      vertex 22.005 -37.8 -21.5
      vertex 64.995 -35.10062790697674 -9.70274418604651
      vertex 62.3175 -35.547916666666666 -10.327083333333336
    endloop
  endfacet
  facet normal 0.055778659150910806 -0.9984431587142688 -3.247274848457155e-17
    outer loop
      vertex 22.005 -37.8 -21.5
      vertex 62.3175 -35.547916666666666 -10.327083333333336
      vertex 62.3175 -35.547916666666666 -6.262499999999999
    endloop
  endfacet
  facet normal 0.26463519589618695 0 -0.9643485952149184
    outer loop
      vertex 22.005 -22.2 -21.5
      vertex 64.995 -24.899372093023256 -9.70274418604651
      vertex 22.005 -37.8 -21.5
    endloop
  endfacet
  facet normal 0.0557786591509105 0.9984431587142688 1.3749761778373374e-15
    outer loop
      vertex 22.005 -22.2 -21.5
      vertex 28.804931441935636 -22.579882474869894 -18.3
      vertex 62.3175 -24.452083333333334 -10.327083333333336
    endloop
  endfacet
  facet normal 0.05577865915091196 0.9984431587142687 -4.50259993742707e-15
    outer loop
      vertex 28.804931441935636 -22.579882474869894 -18.3
      vertex 40.54175234875388 -23.23556740511643 -14.7
      vertex 41.489120764074414 -23.28849274139351 -14.7
    endloop
  endfacet
  facet normal 0.055778659150911104 0.9984431587142687 -1.1921411923964644e-15
    outer loop
      vertex 28.804931441935636 -22.579882474869894 -18.3
      vertex 41.489120764074414 -23.28849274139351 -14.7
      vertex 62.3175 -24.452083333333334 -10.327083333333336
    endloop
  endfacet
  facet normal 0.26809095653163806 0.3543346807026619 -0.8958650417765468
    outer loop
      vertex 22.005 -22.2 -21.5
      vertex 62.3175 -24.452083333333334 -10.327083333333336
      vertex 64.995 -24.899372093023256 -9.70274418604651
    endloop
  endfacet
  facet normal 0.055778659150909966 0.9984431587142687 2.602996289066682e-15
    outer loop
      vertex 41.489120764074414 -23.28849274139351 -14.7
      vertex 52.86470546480295 -23.92399698229726 -11.166666666666668
      vertex 55.21178172762056 -24.05511788359472 -11.166666666666668
    endloop
  endfacet
  facet normal -1 0 0
    outer loop
      vertex 21.995 -35.99497209302326 -19.675055813953488
      vertex 21.995 -37.2 -12.9
      vertex 21.995 -37.2 12.9
    endloop
  endfacet
  facet normal 0 1 0
    outer loop
      vertex 21.995 -22.2 -21.5
      vertex 21.995 -22.2 21.5
      vertex 22.005 -22.2 -21.5
    endloop
  endfacet
  facet normal -1 0 0
    outer loop
      vertex 21.995 -22.2 -21.5
      vertex 21.995 -24.005027906976743 -19.675055813953488
      vertex 21.995 -22.2 21.5
    endloop
  endfacet
  facet normal 0.055778659150911125 0.9984431587142687 0
    outer loop
      vertex 22.005 -22.2 -21.5
      vertex 22.005 -22.2 21.5
      vertex 27.245875518331015 -22.492784828698493 -18.3
    endloop
  endfacet
  facet normal 0.05577865915091065 0.9984431587142688 0
    outer loop
      vertex 28.804931441935636 -22.579882474869894 -18.3
      vertex 28.804931441935636 -22.579882474869894 18.3
      vertex 40.54175234875388 -23.23556740511643 -14.7
    endloop
  endfacet
  facet normal 0.05577865915091084 0.9984431587142688 0
    outer loop
      vertex 41.489120764074414 -23.28849274139351 -14.7
      vertex 41.489120764074414 -23.28849274139351 14.7
      vertex 52.86470546480295 -23.92399698229726 -11.166666666666668
    endloop
  endfacet
  facet normal 0.26463519589618695 -5.776357956200404e-17 -0.9643485952149186
    outer loop
      vertex 22.005 -37.8 -21.5
      vertex 64.995 -24.899372093023256 -9.70274418604651
      vertex 64.995 -35.10062790697674 -9.70274418604651
    endloop
  endfacet
  facet normal 0.055778659150911486 0.9984431587142687 -3.137216870862172e-15
    outer loop
      vertex 41.489120764074414 -23.28849274139351 -14.7
      vertex 55.21178172762056 -24.05511788359472 -11.166666666666668
      vertex 62.3175 -24.452083333333334 -10.327083333333336
    endloop
  endfacet
  facet normal 0.2680909565315885 -0.35433468070188434 -0.8958650417768691
    outer loop
      vertex 62.3175 -35.547916666666666 -10.327083333333336
      vertex 64.995 -35.10062790697674 -9.70274418604651
      vertex 64.995 -35.10166666666667 -9.702333333333332
    endloop
  endfacet
  facet normal 0.16439898730535688 -0.9863939238321437 0
    outer loop
      vertex 62.3175 -35.547916666666666 -10.327083333333336
      vertex 64.995 -35.10166666666667 -9.702333333333332
      vertex 62.3175 -35.547916666666666 -6.262499999999999
    endloop
  endfacet
  facet normal 0.16439898730535685 -0.9863939238321439 4.182098007701908e-18
    outer loop
      vertex 62.3175 -35.547916666666666 -6.262499999999999
      vertex 64.995 -35.10166666666667 -9.702333333333332
      vertex 64.995 -35.10166666666667 -5.821646511627906
    endloop
  endfacet
  facet normal 0.2680909565316557 0.3543346807028939 -0.8958650417764497
    outer loop
      vertex 62.3175 -24.452083333333334 -10.327083333333336
      vertex 64.995 -24.898333333333333 -9.702333333333332
      vertex 64.995 -24.899372093023256 -9.70274418604651
    endloop
  endfacet
  facet normal 0.05577865915091113 0.9984431587142687 0
    outer loop
      vertex 55.21178172762056 -24.05511788359472 -11.166666666666668
      vertex 55.21178172762056 -24.05511788359472 11.166666666666668
      vertex 62.3175 -24.452083333333334 -10.327083333333336
    endloop
  endfacet
  facet normal 0.16439898730535685 0.9863939238321436 -8.363664733003734e-19
    outer loop
      vertex 62.3175 -24.452083333333334 -10.327083333333336
      vertex 64.995 -24.898333333333333 9.702333333333332
      vertex 64.995 -24.898333333333333 -9.702333333333332
    endloop
  endfacet
  facet normal -1 0 0
    outer loop
      vertex 21.995 -35.99497209302326 -19.675055813953488
      vertex 21.995 -37.2 12.9
      vertex 21.995 -35.99497209302326 19.675055813953488
    endloop
  endfacet
  facet normal -1 0 0
    outer loop
      vertex 21.995 -24.005027906976743 -19.675055813953488
      vertex 21.995 -24.005027906976743 19.675055813953488
      vertex 21.995 -22.2 21.5
    endloop
  endfacet
  facet normal 0 1 0
    outer loop
      vertex 22.005 -22.2 -21.5
      vertex 21.995 -22.2 21.5
      vertex 22.005 -22.2 21.5
    endloop
  endfacet
  facet normal 0.055778659150911125 0.9984431587142688 0
    outer loop
      vertex 27.245875518331015 -22.492784828698493 -18.3
      vertex 22.005 -22.2 21.5
      vertex 27.245875518331015 -22.492784828698493 18.3
    endloop
  endfacet
  facet normal 0.055778659150910785 -0.9984431587142688 -3.2472748484571545e-17
    outer loop
      vertex 22.005 -37.8 12.9
      vertex 62.3175 -35.547916666666666 6.262499999999999
      vertex 62.3175 -35.547916666666666 10.327083333333336
    endloop
  endfacet
  facet normal 0.05577865915091084 0.9984431587142688 0
    outer loop
      vertex 52.86470546480295 -23.92399698229726 -11.166666666666668
      vertex 41.489120764074414 -23.28849274139351 14.7
      vertex 52.86470546480295 -23.92399698229726 11.166666666666668
    endloop
  endfacet
  facet normal 0.05577865915091066 0.9984431587142688 0
    outer loop
      vertex 40.54175234875388 -23.23556740511643 -14.7
      vertex 28.804931441935636 -22.579882474869894 18.3
      vertex 40.54175234875388 -23.23556740511643 14.7
    endloop
  endfacet
  facet normal 0 -1 0
    outer loop
      vertex 21.995 -37.8 12.9
      vertex 22.005 -37.8 12.9
      vertex 22.005 -37.8 21.5
    endloop
  endfacet
  facet normal -1 0 0
    outer loop
      vertex 21.995 -37.2 12.9
      vertex 21.995 -37.8 12.9
      vertex 21.995 -37.8 21.5
    endloop
  endfacet
  facet normal 0.05577865915091078 -0.9984431587142688 0
    outer loop
      vertex 22.005 -37.8 12.9
      vertex 62.3175 -35.547916666666666 10.327083333333336
      vertex 22.005 -37.8 21.5
    endloop
  endfacet
  facet normal 0 -1 0
    outer loop
      vertex 21.995 -37.8 12.9
      vertex 22.005 -37.8 21.5
      vertex 21.995 -37.8 21.5
    endloop
  endfacet
  facet normal -1 0 0
    outer loop
      vertex 21.995 -35.99497209302326 19.675055813953488
      vertex 21.995 -37.2 12.9
      vertex 21.995 -37.8 21.5
    endloop
  endfacet
  facet normal -1 0 0
    outer loop
      vertex 21.995 -35.99497209302326 19.675055813953488
      vertex 21.995 -37.8 21.5
      vertex 21.995 -35.9943488372093 19.675302325581395
    endloop
  endfacet
  facet normal -1 0 0
    outer loop
      vertex 21.995 -24.0056511627907 19.675302325581395
      vertex 21.995 -35.9943488372093 19.675302325581395
      vertex 21.995 -37.8 21.5
    endloop
  endfacet
  facet normal 0 0 1
    outer loop
      vertex 21.995 -22.2 21.5
      vertex 21.995 -37.8 21.5
      vertex 22.005 -37.8 21.5
    endloop
  endfacet
  facet normal -1 0 0
    outer loop
      vertex 21.995 -22.2 21.5
      vertex 21.995 -24.0056511627907 19.675302325581395
      vertex 21.995 -37.8 21.5
    endloop
  endfacet
  facet normal 0 0 1
    outer loop
      vertex 21.995 -22.2 21.5
      vertex 22.005 -37.8 21.5
      vertex 22.005 -22.2 21.5
    endloop
  endfacet
  facet normal -1 0 0
    outer loop
      vertex 21.995 -22.2 21.5
      vertex 21.995 -24.005027906976743 19.675055813953488
      vertex 21.995 -24.0056511627907 19.675302325581395
    endloop
  endfacet
  facet normal 0.05577865915091116 0.9984431587142688 9.68461665478767e-17
    outer loop
      vertex 22.005 -22.2 21.5
      vertex 28.804931441935636 -22.579882474869894 18.3
      vertex 27.245875518331015 -22.492784828698493 18.3
    endloop
  endfacet
  facet normal 0.26809095653163817 -0.35433468070265794 0.8958650417765484
    outer loop
      vertex 22.005 -37.8 21.5
      vertex 62.3175 -35.547916666666666 10.327083333333336
      vertex 64.995 -35.10062790697674 9.70274418604651
    endloop
  endfacet
  facet normal 0.26463519589618695 0 0.9643485952149184
    outer loop
      vertex 22.005 -22.2 21.5
      vertex 22.005 -37.8 21.5
      vertex 64.995 -35.10062790697674 9.70274418604651
    endloop
  endfacet
  facet normal 0.05577865915091189 0.9984431587142688 4.434006266223529e-15
    outer loop
      vertex 28.804931441935636 -22.579882474869894 18.3
      vertex 41.489120764074414 -23.28849274139351 14.7
      vertex 40.54175234875388 -23.23556740511643 14.7
    endloop
  endfacet
  facet normal 0.05577865915090997 0.9984431587142687 -2.6670783662712622e-15
    outer loop
      vertex 41.489120764074414 -23.28849274139351 14.7
      vertex 55.21178172762056 -24.05511788359472 11.166666666666668
      vertex 52.86470546480295 -23.92399698229726 11.166666666666668
    endloop
  endfacet
  facet normal 0.055778659150911104 0.9984431587142687 1.3251541775730435e-15
    outer loop
      vertex 28.804931441935636 -22.579882474869894 18.3
      vertex 62.3175 -24.452083333333334 10.327083333333336
      vertex 41.489120764074414 -23.28849274139351 14.7
    endloop
  endfacet
  facet normal 0.26809095653163817 0.35433468070266283 0.8958650417765466
    outer loop
      vertex 22.005 -22.2 21.5
      vertex 64.995 -24.899372093023256 9.70274418604651
      vertex 62.3175 -24.452083333333334 10.327083333333336
    endloop
  endfacet
  facet normal 0.055778659150910494 0.9984431587142688 -1.3630162873157054e-15
    outer loop
      vertex 22.005 -22.2 21.5
      vertex 62.3175 -24.452083333333334 10.327083333333336
      vertex 28.804931441935636 -22.579882474869894 18.3
    endloop
  endfacet
  facet normal 0.16439898730535688 -0.9863939238321437 0
    outer loop
      vertex 62.3175 -35.547916666666666 6.262499999999999
      vertex 64.995 -35.10166666666667 5.821646511627906
      vertex 62.3175 -35.547916666666666 10.327083333333336
    endloop
  endfacet
  facet normal 0.16439898730535685 -0.9863939238321439 4.182098007701908e-18
    outer loop
      vertex 62.3175 -35.547916666666666 10.327083333333336
      vertex 64.995 -35.10166666666667 5.821646511627906
      vertex 64.995 -35.10166666666667 9.702333333333332
    endloop
  endfacet
  facet normal 0.26809095653158366 -0.3543346807018534 0.8958650417768829
    outer loop
      vertex 62.3175 -35.547916666666666 10.327083333333336
      vertex 64.995 -35.10166666666667 9.702333333333332
      vertex 64.995 -35.10062790697674 9.70274418604651
    endloop
  endfacet
  facet normal 0.05577865915091113 0.9984431587142688 0
    outer loop
      vertex 62.3175 -24.452083333333334 -10.327083333333336
      vertex 55.21178172762056 -24.05511788359472 11.166666666666668
      vertex 62.3175 -24.452083333333334 10.327083333333336
    endloop
  endfacet
  facet normal 0.16439898730535685 0.9863939238321437 0
    outer loop
      vertex 62.3175 -24.452083333333334 -10.327083333333336
      vertex 62.3175 -24.452083333333334 10.327083333333336
      vertex 64.995 -24.898333333333333 9.702333333333332
    endloop
  endfacet
  facet normal 0.26809095653164644 0.35433468070290586 0.895865041776448
    outer loop
      vertex 62.3175 -24.452083333333334 10.327083333333336
      vertex 64.995 -24.899372093023256 9.70274418604651
      vertex 64.995 -24.898333333333333 9.702333333333332
    endloop
  endfacet
  facet normal 0.26463519589618695 5.776357956200404e-17 0.9643485952149186
    outer loop
      vertex 22.005 -22.2 21.5
      vertex 64.995 -35.10062790697674 9.70274418604651
      vertex 64.995 -24.899372093023256 9.70274418604651
    endloop
  endfacet
  facet normal 0.05577865915091146 0.9984431587142687 3.144138367849572e-15
    outer loop
      vertex 41.489120764074414 -23.28849274139351 14.7
      vertex 62.3175 -24.452083333333334 10.327083333333336
      vertex 55.21178172762056 -24.05511788359472 11.166666666666668
    endloop
  endfacet
  facet normal 0 0 -1
    outer loop
      vertex 21.995 37.8 -12.9
      vertex 21.995 38.4 -12.9
      vertex 22.005 37.8 -12.9
    endloop
  endfacet
  facet normal 0 0 -1
    outer loop
      vertex 22.005 37.8 -12.9
      vertex 21.995 38.4 -12.9
      vertex 22.005 38.4 -12.9
    endloop
  endfacet
  facet normal 0.16246369342262307 0 -0.9867145221995467
    outer loop
      vertex 22.005 37.8 -12.9
      vertex 22.005 38.4 -12.9
      vertex 62.3175 35.547916666666666 -6.262499999999999
    endloop
  endfacet
  facet normal -1 0 0
    outer loop
      vertex 21.995 37.2 -12.9
      vertex 21.995 37.2 12.9
      vertex 21.995 37.8 -12.9
    endloop
  endfacet
  facet normal -1 0 0
    outer loop
      vertex 21.995 37.8 -12.9
      vertex 21.995 37.2 12.9
      vertex 21.995 38.4 -12.9
    endloop
  endfacet
  facet normal 0 1 0
    outer loop
      vertex 21.995 38.4 -12.9
      vertex 22.005 38.4 12.9
      vertex 22.005 38.4 -12.9
    endloop
  endfacet
  facet normal 0.055778659150910785 0.9984431587142688 0
    outer loop
      vertex 22.005 38.4 -12.9
      vertex 22.005 38.4 12.9
      vertex 62.3175 36.14791666666667 -6.196250000000002
    endloop
  endfacet
  facet normal 0.16246369342262287 -1.421369008387197e-15 -0.9867145221995468
    outer loop
      vertex 22.005 38.4 -12.9
      vertex 65.005 35.7 -5.82
      vertex 62.3175 35.547916666666666 -6.262499999999999
    endloop
  endfacet
  facet normal 0.1720938310310997 0.22745568689895504 -0.9584610705805239
    outer loop
      vertex 22.005 38.4 -12.9
      vertex 62.3175 36.14791666666667 -6.196250000000002
      vertex 65.005 35.7 -5.82
    endloop
  endfacet
  facet normal 0.16246369342262315 2.0639685504973927e-18 -0.9867145221995467
    outer loop
      vertex 62.3175 35.547916666666666 -6.262499999999999
      vertex 64.995 35.5 -5.821646511627906
      vertex 64.995 35.10166666666667 -5.821646511627906
    endloop
  endfacet
  facet normal 0.16246369342262312 -1.7789867895692421e-16 -0.9867145221995467
    outer loop
      vertex 62.3175 35.547916666666666 -6.262499999999999
      vertex 65.005 35.7 -5.82
      vertex 64.995 35.5 -5.821646511627906
    endloop
  endfacet
  facet normal 0.16439898730535688 0.9863939238321437 2.3338229480562675e-18
    outer loop
      vertex 62.3175 36.14791666666667 -6.196250000000002
      vertex 65.005 35.7 5.82
      vertex 65.005 35.7 -5.82
    endloop
  endfacet
  facet normal 0.16246369342261655 0 -0.9867145221995478
    outer loop
      vertex 65.005 35.7 -5.82
      vertex 65.005 35.5 -5.82
      vertex 64.995 35.5 -5.821646511627906
    endloop
  endfacet
  facet normal 1 0 0
    outer loop
      vertex 65.005 35.7 -5.82
      vertex 65.005 35.7 5.82
      vertex 65.005 35.5 -5.82
    endloop
  endfacet
  facet normal -1 0 0
    outer loop
      vertex 21.995 38.4 -12.9
      vertex 21.995 37.2 12.9
      vertex 21.995 37.8 12.9
    endloop
  endfacet
  facet normal -1 0 0
    outer loop
      vertex 21.995 38.4 -12.9
      vertex 21.995 37.8 12.9
      vertex 21.995 38.4 12.9
    endloop
  endfacet
  facet normal 0 1 0
    outer loop
      vertex 21.995 38.4 -12.9
      vertex 21.995 38.4 12.9
      vertex 22.005 38.4 12.9
    endloop
  endfacet
  facet normal 0.05577865915091078 0.9984431587142688 0
    outer loop
      vertex 62.3175 36.14791666666667 -6.196250000000002
      vertex 22.005 38.4 12.9
      vertex 62.3175 36.14791666666667 6.196250000000002
    endloop
  endfacet
  facet normal 0.16246369342262304 0 0.9867145221995468
    outer loop
      vertex 22.005 37.8 12.9
      vertex 65.005 35.7 5.82
      vertex 22.005 38.4 12.9
    endloop
  endfacet
  facet normal 0.16246369342262285 -1.8702469633855833e-15 0.9867145221995469
    outer loop
      vertex 22.005 37.8 12.9
      vertex 62.3175 35.547916666666666 6.262499999999999
      vertex 65.005 35.7 5.82
    endloop
  endfacet
  facet normal 0.17209383103109963 0.22745568689895831 0.958461070580523
    outer loop
      vertex 22.005 38.4 12.9
      vertex 65.005 35.7 5.82
      vertex 62.3175 36.14791666666667 6.196250000000002
    endloop
  endfacet
  facet normal 0 0 1
    outer loop
      vertex 21.995 37.8 12.9
      vertex 22.005 37.8 12.9
      vertex 22.005 38.4 12.9
    endloop
  endfacet
  facet normal 0 0 1
    outer loop
      vertex 21.995 37.8 12.9
      vertex 22.005 38.4 12.9
      vertex 21.995 38.4 12.9
    endloop
  endfacet
  facet normal 0.1643989873053569 0.9863939238321439 0
    outer loop
      vertex 62.3175 36.14791666666667 -6.196250000000002
      vertex 62.3175 36.14791666666667 6.196250000000002
      vertex 65.005 35.7 5.82
    endloop
  endfacet
  facet normal 0.16246369342262312 -2.0639685504973927e-18 0.9867145221995467
    outer loop
      vertex 62.3175 35.547916666666666 6.262499999999999
      vertex 64.995 35.10166666666667 5.821646511627906
      vertex 64.995 35.5 5.821646511627906
    endloop
  endfacet
  facet normal 0.16246369342262312 -1.6052100789772349e-16 0.9867145221995467
    outer loop
      vertex 62.3175 35.547916666666666 6.262499999999999
      vertex 64.995 35.5 5.821646511627906
      vertex 65.005 35.7 5.82
    endloop
  endfacet
  facet normal 1 0 0
    outer loop
      vertex 65.005 35.7 5.82
      vertex 65.005 35.5 5.82
      vertex 65.005 35.5 -5.82
    endloop
  endfacet
  facet normal 0.16246369342261655 0 0.9867145221995478
    outer loop
      vertex 65.005 35.7 5.82
      vertex 64.995 35.5 5.821646511627906
      vertex 65.005 35.5 5.82
    endloop
  endfacet
  facet normal 0 0 -1
    outer loop
      vertex 22.005 -37.8 -12.9
      vertex 22.005 -38.4 -12.9
      vertex 21.995 -38.4 -12.9
    endloop
  endfacet
  facet normal 0 0 -1
    outer loop
      vertex 21.995 -37.8 -12.9
      vertex 22.005 -37.8 -12.9
      vertex 21.995 -38.4 -12.9
    endloop
  endfacet
  facet normal 0.16246369342262307 0 -0.9867145221995467
    outer loop
      vertex 22.005 -37.8 -12.9
      vertex 62.3175 -35.547916666666666 -6.262499999999999
      vertex 22.005 -38.4 -12.9
    endloop
  endfacet
  facet normal 0 -1 0
    outer loop
      vertex 21.995 -38.4 -12.9
      vertex 22.005 -38.4 -12.9
      vertex 22.005 -38.4 12.9
    endloop
  endfacet
  facet normal -1 0 0
    outer loop
      vertex 21.995 -37.8 -12.9
      vertex 21.995 -38.4 -12.9
      vertex 21.995 -37.2 12.9
    endloop
  endfacet
  facet normal -1 0 0
    outer loop
      vertex 21.995 -37.2 -12.9
      vertex 21.995 -37.8 -12.9
      vertex 21.995 -37.2 12.9
    endloop
  endfacet
  facet normal 0.055778659150910785 -0.9984431587142688 0
    outer loop
      vertex 22.005 -38.4 -12.9
      vertex 62.3175 -36.14791666666667 -6.196250000000002
      vertex 22.005 -38.4 12.9
    endloop
  endfacet
  facet normal 0.17209383103109963 -0.22745568689895831 -0.958461070580523
    outer loop
      vertex 22.005 -38.4 -12.9
      vertex 65.005 -35.7 -5.82
      vertex 62.3175 -36.14791666666667 -6.196250000000002
    endloop
  endfacet
  facet normal 0.16246369342262268 1.6516466689638927e-15 -0.9867145221995468
    outer loop
      vertex 22.005 -38.4 -12.9
      vertex 62.3175 -35.547916666666666 -6.262499999999999
      vertex 65.005 -35.7 -5.82
    endloop
  endfacet
  facet normal 0.16246369342262312 1.6052100789772349e-16 -0.9867145221995467
    outer loop
      vertex 62.3175 -35.547916666666666 -6.262499999999999
      vertex 64.995 -35.5 -5.821646511627906
      vertex 65.005 -35.7 -5.82
    endloop
  endfacet
  facet normal 0.16246369342262312 2.0639685504973927e-18 -0.9867145221995467
    outer loop
      vertex 62.3175 -35.547916666666666 -6.262499999999999
      vertex 64.995 -35.10166666666667 -5.821646511627906
      vertex 64.995 -35.5 -5.821646511627906
    endloop
  endfacet
  facet normal 0.16439898730535688 -0.9863939238321437 -2.3338229480562675e-18
    outer loop
      vertex 62.3175 -36.14791666666667 -6.196250000000002
      vertex 65.005 -35.7 -5.82
      vertex 65.005 -35.7 5.82
    endloop
  endfacet
  facet normal 0.16246369342261655 0 -0.9867145221995478
    outer loop
      vertex 65.005 -35.7 -5.82
      vertex 64.995 -35.5 -5.821646511627906
      vertex 65.005 -35.5 -5.82
    endloop
  endfacet
  facet normal 1 0 0
    outer loop
      vertex 65.005 -35.7 -5.82
      vertex 65.005 -35.5 -5.82
      vertex 65.005 -35.7 5.82
    endloop
  endfacet
  facet normal 0 -1 0
    outer loop
      vertex 21.995 -38.4 -12.9
      vertex 22.005 -38.4 12.9
      vertex 21.995 -38.4 12.9
    endloop
  endfacet
  facet normal -1 0 0
    outer loop
      vertex 21.995 -38.4 -12.9
      vertex 21.995 -38.4 12.9
      vertex 21.995 -37.8 12.9
    endloop
  endfacet
  facet normal -1 0 0
    outer loop
      vertex 21.995 -38.4 -12.9
      vertex 21.995 -37.8 12.9
      vertex 21.995 -37.2 12.9
    endloop
  endfacet
  facet normal 0.05577865915091078 -0.9984431587142688 0
    outer loop
      vertex 62.3175 -36.14791666666667 -6.196250000000002
      vertex 62.3175 -36.14791666666667 6.196250000000002
      vertex 22.005 -38.4 12.9
    endloop
  endfacet
  facet normal 0.16246369342262304 0 0.9867145221995468
    outer loop
      vertex 22.005 -37.8 12.9
      vertex 22.005 -38.4 12.9
      vertex 65.005 -35.7 5.82
    endloop
  endfacet
  facet normal 0.1720938310310997 -0.22745568689895504 0.9584610705805239
    outer loop
      vertex 22.005 -38.4 12.9
      vertex 62.3175 -36.14791666666667 6.196250000000002
      vertex 65.005 -35.7 5.82
    endloop
  endfacet
  facet normal 0.1624636934226229 1.6094913771443243e-15 0.9867145221995469
    outer loop
      vertex 22.005 -37.8 12.9
      vertex 65.005 -35.7 5.82
      vertex 62.3175 -35.547916666666666 6.262499999999999
    endloop
  endfacet
  facet normal 0 0 1
    outer loop
      vertex 21.995 -37.8 12.9
      vertex 21.995 -38.4 12.9
      vertex 22.005 -38.4 12.9
    endloop
  endfacet
  facet normal 0 0 1
    outer loop
      vertex 21.995 -37.8 12.9
      vertex 22.005 -38.4 12.9
      vertex 22.005 -37.8 12.9
    endloop
  endfacet
  facet normal 0.1643989873053569 -0.9863939238321439 0
    outer loop
      vertex 62.3175 -36.14791666666667 -6.196250000000002
      vertex 65.005 -35.7 5.82
      vertex 62.3175 -36.14791666666667 6.196250000000002
    endloop
  endfacet
  facet normal 0.16246369342262312 1.7789867895692421e-16 0.9867145221995467
    outer loop
      vertex 62.3175 -35.547916666666666 6.262499999999999
      vertex 65.005 -35.7 5.82
      vertex 64.995 -35.5 5.821646511627906
    endloop
  endfacet
  facet normal 0.16246369342262315 -2.0639685504973927e-18 0.9867145221995467
    outer loop
      vertex 62.3175 -35.547916666666666 6.262499999999999
      vertex 64.995 -35.5 5.821646511627906
      vertex 64.995 -35.10166666666667 5.821646511627906
    endloop
  endfacet
  facet normal 1 0 0
    outer loop
      vertex 65.005 -35.7 5.82
      vertex 65.005 -35.5 -5.82
      vertex 65.005 -35.5 5.82
    endloop
  endfacet
  facet normal 0.16246369342261655 0 0.9867145221995478
    outer loop
      vertex 65.005 -35.7 5.82
      vertex 65.005 -35.5 5.82
      vertex 64.995 -35.5 5.821646511627906
    endloop
  endfacet
  facet normal -0.2680909565317006 0.35433468070140506 0.8958650417770251
    outer loop
      vertex 21.995 24.005027906976743 -19.675055813953488
      vertex 39.94527596494499 25.007831437628194 -14.7
      vertex 21.995 24.0056511627907 -19.675302325581395
    endloop
  endfacet
  facet normal -0.2646351958961869 0 0.9643485952149184
    outer loop
      vertex 21.995 24.0056511627907 -19.675302325581395
      vertex 40.12533898305085 25.14406779661017 -14.7
      vertex 21.995 35.9943488372093 -19.675302325581395
    endloop
  endfacet
  facet normal -0.05577865915090977 0.9984431587142687 -4.773140474393537e-15
    outer loop
      vertex 21.995 24.005027906976743 -19.675055813953488
      vertex 39.52173416443327 24.98417000680891 -14.7
      vertex 39.94527596494499 25.007831437628194 -14.7
    endloop
  endfacet
  facet normal -0.2680909565316375 0.3543346807026814 0.8958650417765393
    outer loop
      vertex 21.995 24.0056511627907 -19.675302325581395
      vertex 39.94527596494499 25.007831437628194 -14.7
      vertex 40.12533898305085 25.14406779661017 -14.7
    endloop
  endfacet
  facet normal -0.26463519589619033 -6.146283789521593e-15 0.9643485952149176
    outer loop
      vertex 40.12533898305085 25.14406779661017 -14.7
      vertex 40.125338983050845 25.450000002980232 -14.7
      vertex 21.995 35.9943488372093 -19.675302325581395
    endloop
  endfacet
  facet normal -0.26463519589618706 -1.7556992387894886e-16 0.9643485952149186
    outer loop
      vertex 40.125338983050845 25.450000002980232 -14.7
      vertex 42.75 25.450000002980232 -13.97974418604651
      vertex 21.995 35.9943488372093 -19.675302325581395
    endloop
  endfacet
  facet normal -0.2680909565317005 -0.3543346807014051 0.8958650417770253
    outer loop
      vertex 21.995 35.9943488372093 -19.675302325581395
      vertex 62.2175 33.74791666666667 -8.527083333333335
      vertex 21.995 35.99497209302326 -19.675055813953488
    endloop
  endfacet
  facet normal -0.26809095653163867 0.35433468070264995 0.8958650417765515
    outer loop
      vertex 42.57785972940898 25.154902396252773 -13.970359342179828
      vertex 62.2175 26.252083333333335 -8.527083333333335
      vertex 42.66454536130145 25.30350633663986 -14.003194528759135
    endloop
  endfacet
  facet normal -0.2646351958961871 3.656133031068804e-15 0.9643485952149186
    outer loop
      vertex 42.66454536130145 25.30350633663986 -14.003194528759135
      vertex 64.905 26.7 -7.8999999999999995
      vertex 42.75 25.450000002980232 -13.97974418604651
    endloop
  endfacet
  facet normal -0.26463519589618684 2.501501681387394e-16 0.9643485952149184
    outer loop
      vertex 42.75 25.450000002980232 -13.97974418604651
      vertex 64.905 26.7 -7.8999999999999995
      vertex 21.995 35.9943488372093 -19.675302325581395
    endloop
  endfacet
  facet normal -0.2680909565316388 -0.3543346807026477 0.8958650417765522
    outer loop
      vertex 21.995 35.9943488372093 -19.675302325581395
      vertex 64.905 33.3 -7.8999999999999995
      vertex 62.2175 33.74791666666667 -8.527083333333335
    endloop
  endfacet
  facet normal -0.05577865915091103 0.9984431587142688 1.3057019645838207e-18
    outer loop
      vertex 21.995 24.005027906976743 -19.675055813953488
      vertex 39.52173416443327 24.98417000680891 14.7
      vertex 39.52173416443327 24.98417000680891 -14.7
    endloop
  endfacet
  facet normal -0.05577865915091083 -0.9984431587142688 0
    outer loop
      vertex 21.995 35.99497209302326 -19.675055813953488
      vertex 62.2175 33.74791666666667 -8.527083333333335
      vertex 21.995 35.99497209302326 19.675055813953488
    endloop
  endfacet
  facet normal -0.26463519589618695 0 0.9643485952149184
    outer loop
      vertex 64.905 26.7 -7.8999999999999995
      vertex 64.905 33.3 -7.8999999999999995
      vertex 21.995 35.9943488372093 -19.675302325581395
    endloop
  endfacet
  facet normal -0.26809095653163817 0.3543346807026581 0.8958650417765482
    outer loop
      vertex 42.66454536130145 25.30350633663986 -14.003194528759135
      vertex 62.2175 26.252083333333335 -8.527083333333335
      vertex 64.905 26.7 -7.8999999999999995
    endloop
  endfacet
  facet normal -0.055778659150910785 0.9984431587142688 3.227953058679784e-18
    outer loop
      vertex 42.57785972940898 25.154902396252773 -13.970359342179828
      vertex 62.2175 26.252083333333335 8.527083333333335
      vertex 62.2175 26.252083333333335 -8.527083333333335
    endloop
  endfacet
  facet normal -0.16439898730535643 0.9863939238321439 0
    outer loop
      vertex 62.2175 26.252083333333335 -8.527083333333335
      vertex 62.2175 26.252083333333335 8.527083333333335
      vertex 64.905 26.7 -7.8999999999999995
    endloop
  endfacet
  facet normal -0.16439898730535896 -0.9863939238321435 0
    outer loop
      vertex 62.2175 33.74791666666667 -8.527083333333335
      vertex 64.905 33.3 -7.8999999999999995
      vertex 64.905 33.3 7.8999999999999995
    endloop
  endfacet
  facet normal -1 0 0
    outer loop
      vertex 64.905 26.7 -7.8999999999999995
      vertex 64.905 26.7 7.8999999999999995
      vertex 64.905 33.3 -7.8999999999999995
    endloop
  endfacet
  facet normal -0.05577865915091103 0.9984431587142688 0
    outer loop
      vertex 21.995 24.005027906976743 -19.675055813953488
      vertex 21.995 24.005027906976743 19.675055813953488
      vertex 39.52173416443327 24.98417000680891 14.7
    endloop
  endfacet
  facet normal -0.05577865915091079 0.9984431587142689 0
    outer loop
      vertex 42.57785972940898 25.154902396252773 -13.970359342179828
      vertex 42.57785972940898 25.154902396252773 13.970359342179828
      vertex 62.2175 26.252083333333335 8.527083333333335
    endloop
  endfacet
  facet normal -0.05577865915091083 -0.9984431587142688 0
    outer loop
      vertex 62.2175 33.74791666666667 -8.527083333333335
      vertex 62.2175 33.74791666666667 8.527083333333335
      vertex 21.995 35.99497209302326 19.675055813953488
    endloop
  endfacet
  facet normal -0.2680909565317006 0.35433468070140506 -0.8958650417770251
    outer loop
      vertex 21.995 24.005027906976743 19.675055813953488
      vertex 21.995 24.0056511627907 19.675302325581395
      vertex 39.94527596494499 25.007831437628194 14.7
    endloop
  endfacet
  facet normal -0.05577865915090959 0.9984431587142689 4.720105156282735e-15
    outer loop
      vertex 21.995 24.005027906976743 19.675055813953488
      vertex 39.94527596494499 25.007831437628194 14.7
      vertex 39.52173416443327 24.98417000680891 14.7
    endloop
  endfacet
  facet normal -0.2680909565316373 0.354334680702682 -0.8958650417765391
    outer loop
      vertex 21.995 24.0056511627907 19.675302325581395
      vertex 40.12533898305085 25.14406779661017 14.7
      vertex 39.94527596494499 25.007831437628194 14.7
    endloop
  endfacet
  facet normal -0.26463519589618645 -5.134078774313093e-15 -0.9643485952149187
    outer loop
      vertex 21.995 24.0056511627907 19.675302325581395
      vertex 40.125338983050845 25.450000002980232 14.7
      vertex 40.12533898305085 25.14406779661017 14.7
    endloop
  endfacet
  facet normal -0.2680909565317005 -0.3543346807014051 -0.8958650417770253
    outer loop
      vertex 21.995 35.99497209302326 19.675055813953488
      vertex 62.2175 33.74791666666667 8.527083333333335
      vertex 21.995 35.9943488372093 19.675302325581395
    endloop
  endfacet
  facet normal -0.264635195896187 2.5768420304688474e-16 -0.9643485952149186
    outer loop
      vertex 21.995 24.0056511627907 19.675302325581395
      vertex 64.905 33.3 7.8999999999999995
      vertex 40.125338983050845 25.450000002980232 14.7
    endloop
  endfacet
  facet normal -0.2646351958961871 3.666552757856343e-15 -0.9643485952149186
    outer loop
      vertex 42.66454536130145 25.30350633663986 14.003194528759135
      vertex 42.75 25.450000002980232 13.97974418604651
      vertex 64.905 26.7 7.8999999999999995
    endloop
  endfacet
  facet normal -0.26809095653163867 0.35433468070265 -0.8958650417765515
    outer loop
      vertex 42.57785972940898 25.154902396252773 13.970359342179828
      vertex 42.66454536130145 25.30350633663986 14.003194528759135
      vertex 62.2175 26.252083333333335 8.527083333333335
    endloop
  endfacet
  facet normal -0.26463519589618706 6.869594115694231e-16 -0.9643485952149184
    outer loop
      vertex 40.125338983050845 25.450000002980232 14.7
      vertex 64.905 33.3 7.8999999999999995
      vertex 42.75 25.450000002980232 13.97974418604651
    endloop
  endfacet
  facet normal -0.26463519589618695 0 -0.9643485952149186
    outer loop
      vertex 21.995 24.0056511627907 19.675302325581395
      vertex 21.995 35.9943488372093 19.675302325581395
      vertex 64.905 33.3 7.8999999999999995
    endloop
  endfacet
  facet normal -0.2680909565316386 -0.35433468070264884 -0.8958650417765517
    outer loop
      vertex 21.995 35.9943488372093 19.675302325581395
      vertex 62.2175 33.74791666666667 8.527083333333335
      vertex 64.905 33.3 7.8999999999999995
    endloop
  endfacet
  facet normal -0.16439898730535643 0.9863939238321439 0
    outer loop
      vertex 64.905 26.7 -7.8999999999999995
      vertex 62.2175 26.252083333333335 8.527083333333335
      vertex 64.905 26.7 7.8999999999999995
    endloop
  endfacet
  facet normal -0.2680909565316381 0.35433468070265917 -0.8958650417765479
    outer loop
      vertex 42.66454536130145 25.30350633663986 14.003194528759135
      vertex 64.905 26.7 7.8999999999999995
      vertex 62.2175 26.252083333333335 8.527083333333335
    endloop
  endfacet
  facet normal -0.26463519589618695 -8.310197951817873e-17 -0.9643485952149187
    outer loop
      vertex 42.75 25.450000002980232 13.97974418604651
      vertex 64.905 33.3 7.8999999999999995
      vertex 64.905 26.7 7.8999999999999995
    endloop
  endfacet
  facet normal -0.16439898730535896 -0.9863939238321434 0
    outer loop
      vertex 62.2175 33.74791666666667 -8.527083333333335
      vertex 64.905 33.3 7.8999999999999995
      vertex 62.2175 33.74791666666667 8.527083333333335
    endloop
  endfacet
  facet normal -1 0 0
    outer loop
      vertex 64.905 26.7 7.8999999999999995
      vertex 64.905 33.3 7.8999999999999995
      vertex 64.905 33.3 -7.8999999999999995
    endloop
  endfacet
  facet normal -0.26463519589619033 6.146283789521593e-15 0.9643485952149176
    outer loop
      vertex 40.12533898305085 -25.14406779661017 -14.7
      vertex 21.995 -35.9943488372093 -19.675302325581395
      vertex 40.125338983050845 -25.450000002980232 -14.7
    endloop
  endfacet
  facet normal -0.2680909565317005 0.3543346807014051 0.8958650417770253
    outer loop
      vertex 21.995 -35.9943488372093 -19.675302325581395
      vertex 21.995 -35.99497209302326 -19.675055813953488
      vertex 62.2175 -33.74791666666667 -8.527083333333335
    endloop
  endfacet
  facet normal -0.26463519589618706 1.5775903013813046e-16 0.9643485952149186
    outer loop
      vertex 40.125338983050845 -25.450000002980232 -14.7
      vertex 21.995 -35.9943488372093 -19.675302325581395
      vertex 42.75 -25.450000002980232 -13.97974418604651
    endloop
  endfacet
  facet normal -0.2646351958961869 0 0.9643485952149184
    outer loop
      vertex 21.995 -24.0056511627907 -19.675302325581395
      vertex 21.995 -35.9943488372093 -19.675302325581395
      vertex 40.12533898305085 -25.14406779661017 -14.7
    endloop
  endfacet
  facet normal -0.2680909565317006 -0.35433468070140506 0.8958650417770251
    outer loop
      vertex 21.995 -24.005027906976743 -19.675055813953488
      vertex 21.995 -24.0056511627907 -19.675302325581395
      vertex 39.94527596494499 -25.007831437628194 -14.7
    endloop
  endfacet
  facet normal -0.05577865915090959 -0.9984431587142689 -4.720105156282735e-15
    outer loop
      vertex 21.995 -24.005027906976743 -19.675055813953488
      vertex 39.94527596494499 -25.007831437628194 -14.7
      vertex 39.52173416443327 -24.98417000680891 -14.7
    endloop
  endfacet
  facet normal -0.2680909565316373 -0.354334680702682 0.8958650417765391
    outer loop
      vertex 21.995 -24.0056511627907 -19.675302325581395
      vertex 40.12533898305085 -25.14406779661017 -14.7
      vertex 39.94527596494499 -25.007831437628194 -14.7
    endloop
  endfacet
  facet normal -0.2680909565316386 0.35433468070264884 0.8958650417765517
    outer loop
      vertex 21.995 -35.9943488372093 -19.675302325581395
      vertex 62.2175 -33.74791666666667 -8.527083333333335
      vertex 64.905 -33.3 -7.8999999999999995
    endloop
  endfacet
  facet normal -0.26463519589618684 -2.642277423673008e-16 0.9643485952149184
    outer loop
      vertex 42.75 -25.450000002980232 -13.97974418604651
      vertex 21.995 -35.9943488372093 -19.675302325581395
      vertex 64.905 -26.7 -7.8999999999999995
    endloop
  endfacet
  facet normal -0.26809095653163867 -0.35433468070265 0.8958650417765515
    outer loop
      vertex 42.57785972940898 -25.154902396252773 -13.970359342179828
      vertex 42.66454536130145 -25.30350633663986 -14.003194528759135
      vertex 62.2175 -26.252083333333335 -8.527083333333335
    endloop
  endfacet
  facet normal -0.2646351958961871 -3.666552757856343e-15 0.9643485952149186
    outer loop
      vertex 42.66454536130145 -25.30350633663986 -14.003194528759135
      vertex 42.75 -25.450000002980232 -13.97974418604651
      vertex 64.905 -26.7 -7.8999999999999995
    endloop
  endfacet
  facet normal -0.05577865915091083 0.9984431587142688 0
    outer loop
      vertex 21.995 -35.99497209302326 -19.675055813953488
      vertex 21.995 -35.99497209302326 19.675055813953488
      vertex 62.2175 -33.74791666666667 -8.527083333333335
    endloop
  endfacet
  facet normal -0.05577865915091103 -0.9984431587142688 -1.3057019645838207e-18
    outer loop
      vertex 21.995 -24.005027906976743 -19.675055813953488
      vertex 39.52173416443327 -24.98417000680891 -14.7
      vertex 39.52173416443327 -24.98417000680891 14.7
    endloop
  endfacet
  facet normal -0.26463519589618695 0 0.9643485952149184
    outer loop
      vertex 64.905 -26.7 -7.8999999999999995
      vertex 21.995 -35.9943488372093 -19.675302325581395
      vertex 64.905 -33.3 -7.8999999999999995
    endloop
  endfacet
  facet normal -0.16439898730535898 0.9863939238321435 0
    outer loop
      vertex 62.2175 -33.74791666666667 -8.527083333333335
      vertex 64.905 -33.3 7.8999999999999995
      vertex 64.905 -33.3 -7.8999999999999995
    endloop
  endfacet
  facet normal -0.2680909565316381 -0.35433468070265917 0.8958650417765479
    outer loop
      vertex 42.66454536130145 -25.30350633663986 -14.003194528759135
      vertex 64.905 -26.7 -7.8999999999999995
      vertex 62.2175 -26.252083333333335 -8.527083333333335
    endloop
  endfacet
  facet normal -0.055778659150910785 -0.9984431587142688 -3.227953058679784e-18
    outer loop
      vertex 42.57785972940898 -25.154902396252773 -13.970359342179828
      vertex 62.2175 -26.252083333333335 -8.527083333333335
      vertex 62.2175 -26.252083333333335 8.527083333333335
    endloop
  endfacet
  facet normal -0.16439898730535643 -0.9863939238321439 0
    outer loop
      vertex 62.2175 -26.252083333333335 -8.527083333333335
      vertex 64.905 -26.7 -7.8999999999999995
      vertex 62.2175 -26.252083333333335 8.527083333333335
    endloop
  endfacet
  facet normal -1 0 0
    outer loop
      vertex 64.905 -26.7 -7.8999999999999995
      vertex 64.905 -33.3 -7.8999999999999995
      vertex 64.905 -26.7 7.8999999999999995
    endloop
  endfacet
  facet normal -0.05577865915091103 -0.9984431587142688 0
    outer loop
      vertex 21.995 -24.005027906976743 -19.675055813953488
      vertex 39.52173416443327 -24.98417000680891 14.7
      vertex 21.995 -24.005027906976743 19.675055813953488
    endloop
  endfacet
  facet normal -0.05577865915091083 0.9984431587142688 0
    outer loop
      vertex 62.2175 -33.74791666666667 -8.527083333333335
      vertex 21.995 -35.99497209302326 19.675055813953488
      vertex 62.2175 -33.74791666666667 8.527083333333335
    endloop
  endfacet
  facet normal -0.05577865915091079 -0.9984431587142689 0
    outer loop
      vertex 42.57785972940898 -25.154902396252773 -13.970359342179828
      vertex 62.2175 -26.252083333333335 8.527083333333335
      vertex 42.57785972940898 -25.154902396252773 13.970359342179828
    endloop
  endfacet
  facet normal -0.2680909565317005 0.3543346807014051 -0.8958650417770253
    outer loop
      vertex 21.995 -35.99497209302326 19.675055813953488
      vertex 21.995 -35.9943488372093 19.675302325581395
      vertex 62.2175 -33.74791666666667 8.527083333333335
    endloop
  endfacet
  facet normal -0.2680909565317006 -0.35433468070140506 -0.8958650417770251
    outer loop
      vertex 21.995 -24.005027906976743 19.675055813953488
      vertex 39.94527596494499 -25.007831437628194 14.7
      vertex 21.995 -24.0056511627907 19.675302325581395
    endloop
  endfacet
  facet normal -0.05577865915090977 -0.9984431587142687 4.773140474393537e-15
    outer loop
      vertex 21.995 -24.005027906976743 19.675055813953488
      vertex 39.52173416443327 -24.98417000680891 14.7
      vertex 39.94527596494499 -25.007831437628194 14.7
    endloop
  endfacet
  facet normal -0.2646351958961866 5.953640439479455e-15 -0.9643485952149186
    outer loop
      vertex 21.995 -24.0056511627907 19.675302325581395
      vertex 40.12533898305085 -25.14406779661017 14.7
      vertex 40.125338983050845 -25.450000002980232 14.7
    endloop
  endfacet
  facet normal -0.2680909565316375 -0.3543346807026814 -0.8958650417765393
    outer loop
      vertex 21.995 -24.0056511627907 19.675302325581395
      vertex 39.94527596494499 -25.007831437628194 14.7
      vertex 40.12533898305085 -25.14406779661017 14.7
    endloop
  endfacet
  facet normal -0.26463519589618695 0 -0.9643485952149186
    outer loop
      vertex 21.995 -24.0056511627907 19.675302325581395
      vertex 64.905 -33.3 7.8999999999999995
      vertex 21.995 -35.9943488372093 19.675302325581395
    endloop
  endfacet
  facet normal -0.2680909565316388 0.3543346807026477 -0.8958650417765522
    outer loop
      vertex 21.995 -35.9943488372093 19.675302325581395
      vertex 64.905 -33.3 7.8999999999999995
      vertex 62.2175 -33.74791666666667 8.527083333333335
    endloop
  endfacet
  facet normal -0.264635195896187 -1.4741052505555456e-16 -0.9643485952149184
    outer loop
      vertex 21.995 -24.0056511627907 19.675302325581395
      vertex 40.125338983050845 -25.450000002980232 14.7
      vertex 64.905 -33.3 7.8999999999999995
    endloop
  endfacet
  facet normal -0.26463519589618706 -5.887419072525479e-16 -0.9643485952149184
    outer loop
      vertex 40.125338983050845 -25.450000002980232 14.7
      vertex 42.75 -25.450000002980232 13.97974418604651
      vertex 64.905 -33.3 7.8999999999999995
    endloop
  endfacet
  facet normal -0.2646351958961871 -3.656133031068804e-15 -0.9643485952149186
    outer loop
      vertex 42.66454536130145 -25.30350633663986 14.003194528759135
      vertex 64.905 -26.7 7.8999999999999995
      vertex 42.75 -25.450000002980232 13.97974418604651
    endloop
  endfacet
  facet normal -0.26809095653163867 -0.35433468070264995 -0.8958650417765515
    outer loop
      vertex 42.57785972940898 -25.154902396252773 13.970359342179828
      vertex 62.2175 -26.252083333333335 8.527083333333335
      vertex 42.66454536130145 -25.30350633663986 14.003194528759135
    endloop
  endfacet
  facet normal -0.16439898730535896 0.9863939238321434 0
    outer loop
      vertex 62.2175 -33.74791666666667 -8.527083333333335
      vertex 62.2175 -33.74791666666667 8.527083333333335
      vertex 64.905 -33.3 7.8999999999999995
    endloop
  endfacet
  facet normal -0.16439898730535643 -0.9863939238321439 0
    outer loop
      vertex 64.905 -26.7 -7.8999999999999995
      vertex 64.905 -26.7 7.8999999999999995
      vertex 62.2175 -26.252083333333335 8.527083333333335
    endloop
  endfacet
  facet normal -0.26809095653163817 -0.3543346807026581 -0.8958650417765482
    outer loop
      vertex 42.66454536130145 -25.30350633663986 14.003194528759135
      vertex 62.2175 -26.252083333333335 8.527083333333335
      vertex 64.905 -26.7 7.8999999999999995
    endloop
  endfacet
  facet normal -0.26463519589618695 -8.310197951817873e-17 -0.9643485952149187
    outer loop
      vertex 42.75 -25.450000002980232 13.97974418604651
      vertex 64.905 -26.7 7.8999999999999995
      vertex 64.905 -33.3 7.8999999999999995
    endloop
  endfacet
  facet normal -1 0 0
    outer loop
      vertex 64.905 -26.7 7.8999999999999995
      vertex 64.905 -33.3 -7.8999999999999995
      vertex 64.905 -33.3 7.8999999999999995
    endloop
  endfacet
  facet normal 0.06415328931752244 -0.9979400560503332 1.500136594867324e-19
    outer loop
      vertex 65.005 24.5 -20
      vertex 65.59455823281203 24.537900172109346 -17.985714285714288
      vertex 65.59455823281203 24.537900172109346 -15.477204392603545
    endloop
  endfacet
  facet normal 0.06415328931752115 -0.9979400560503334 3.8506154414518673e-16
    outer loop
      vertex 65.005 24.5 -20
      vertex 68.51495671008573 24.725640074219797 -17.985714285714288
      vertex 65.59455823281203 24.537900172109346 -17.985714285714288
    endloop
  endfacet
  facet normal 0.06415328931752141 -0.9979400560503332 -7.301330906632573e-17
    outer loop
      vertex 65.005 24.5 -20
      vertex 78.59455823412861 25.373614457908268 -14.642857142857142
      vertex 68.51495671008573 24.725640074219797 -17.985714285714288
    endloop
  endfacet
  facet normal 0.06415328931752214 -0.9979400560503332 -1.905382799044793e-15
    outer loop
      vertex 65.005 24.5 -20
      vertex 81.51495670866656 25.561354359842852 -14.642857142857142
      vertex 78.59455823412861 25.373614457908268 -14.642857142857142
    endloop
  endfacet
  facet normal 0.06415328931752139 -0.9979400560503333 0
    outer loop
      vertex 68.51495671008573 24.725640074219797 -17.985714285714288
      vertex 78.59455823412861 25.373614457908268 -14.642857142857142
      vertex 68.51495671008573 24.725640074219797 6.926630665148388
    endloop
  endfacet
  facet normal 0.06415328931752139 -0.9979400560503333 0
    outer loop
      vertex 78.59455823412861 25.373614457908268 -14.642857142857142
      vertex 78.59455823412861 25.373614457908268 14.642857142857142
      vertex 68.51495671008573 24.725640074219797 6.926630665148388
    endloop
  endfacet
  facet normal 0.06415328931752126 -0.9979400560503333 1.6785185214046828e-16
    outer loop
      vertex 70.05 24.82432142857143 18.702714285714286
      vertex 68.51495671008573 24.725640074219797 6.926630665148388
      vertex 78.59455823412861 25.373614457908268 14.642857142857142
    endloop
  endfacet
  facet normal 0.06415328931752218 -0.9979400560503334 2.0466389350057483e-15
    outer loop
      vertex 70.05 24.82432142857143 18.702714285714286
      vertex 78.59455823412861 25.373614457908268 14.642857142857142
      vertex 81.51495670866656 25.561354359842852 14.642857142857142
    endloop
  endfacet
  facet normal 0 0 1
    outer loop
      vertex 64.995 24.5 20
      vertex 65.005 24.5 20
      vertex 65.005 35.5 20
    endloop
  endfacet
  facet normal 0.2490410398106183 0 0.9684929325968497
    outer loop
      vertex 65.005 24.5 20
      vertex 70.05 24.82432142857143 18.702714285714286
      vertex 65.005 35.5 20
    endloop
  endfacet
  facet normal 0.06415328931752119 -0.9979400560503334 1.0642310119849491e-15
    outer loop
      vertex 65.005 24.5 -20
      vertex 94.5149567117629 26.39706864575619 -11.3
      vertex 81.51495670866656 25.561354359842852 -14.642857142857142
    endloop
  endfacet
  facet normal 0.2490410398106197 -2.0037681854057085e-14 -0.9684929325968493
    outer loop
      vertex 65.005 24.5 -20
      vertex 69.98474592675204 24.96240497891269 -18.719493904549477
      vertex 135.005 29 -2
    endloop
  endfacet
  facet normal 0.06415328931752134 -0.9979400560503333 4.307783305221961e-16
    outer loop
      vertex 81.51495670866656 25.561354359842852 -14.642857142857142
      vertex 94.5149567117629 26.39706864575619 -11.3
      vertex 91.59455823125609 26.209328743437894 -11.3
    endloop
  endfacet
  facet normal 0.2490410398106185 2.801161020309724e-16 -0.9684929325968495
    outer loop
      vertex 69.98474592675204 24.96240497891269 -18.719493904549477
      vertex 65.005 35.5 -20
      vertex 133.45 31.099964285714286 -2.3998571428571447
    endloop
  endfacet
  facet normal 0.06415328931752096 -0.9979400560503332 1.5489878287131554e-15
    outer loop
      vertex 65.005 24.5 -20
      vertex 135.005 29 -2
      vertex 94.5149567117629 26.39706864575619 -11.3
    endloop
  endfacet
  facet normal 0.06415328931752148 -0.9979400560503334 0
    outer loop
      vertex 81.51495670866656 25.561354359842852 -14.642857142857142
      vertex 91.59455823125609 26.209328743437894 -11.3
      vertex 81.51495670866656 25.561354359842852 14.642857142857142
    endloop
  endfacet
  facet normal 0.06415328931752143 0.9979400560503333 0
    outer loop
      vertex 65.005 35.5 -20
      vertex 65.005 35.5 -5.82
      vertex 133.45 31.099964285714286 -2.3998571428571447
    endloop
  endfacet
  facet normal 0.06415328931752143 0.9979400560503333 -9.442811066090449e-18
    outer loop
      vertex 133.45 31.099964285714286 -2.3998571428571447
      vertex 65.005 35.5 -5.82
      vertex 65.005 35.5 5.82
    endloop
  endfacet
  facet normal 0.06415328931752085 -0.9979400560503333 1.5415190850713395e-15
    outer loop
      vertex 94.5149567117629 26.39706864575619 -11.3
      vertex 107.51495671034375 27.23278293137924 -7.957142857142857
      vertex 104.59455823257267 27.045043029236815 -7.957142857142857
    endloop
  endfacet
  facet normal 0.06415328931752137 -0.9979400560503333 -1.5687589768818395e-16
    outer loop
      vertex 94.5149567117629 26.39706864575619 -11.3
      vertex 104.59455823257267 27.045043029236815 -7.957142857142857
      vertex 94.5149567117629 26.397068645756185 11.3
    endloop
  endfacet
  facet normal 0.06415328931752276 -0.9979400560503333 -6.004135534242204e-15
    outer loop
      vertex 135.005 29 -2
      vertex 107.51495671034375 27.23278293137924 -7.957142857142857
      vertex 94.5149567117629 26.39706864575619 -11.3
    endloop
  endfacet
  facet normal 0.24904103981061845 2.6103911711511523e-17 -0.9684929325968498
    outer loop
      vertex 69.98474592675204 24.96240497891269 -18.719493904549477
      vertex 133.45 31.099964285714286 -2.3998571428571447
      vertex 135.005 29 -2
    endloop
  endfacet
  facet normal 0.06415328931752122 -0.9979400560503333 9.967451375810888e-16
    outer loop
      vertex 107.51495671034375 27.23278293137924 -7.957142857142857
      vertex 120.5149567089246 28.068497217002296 -4.614285714285714
      vertex 117.59455823388923 27.880757315035737 -4.614285714285714
    endloop
  endfacet
  facet normal 0.06415328931752157 -0.9979400560503333 0
    outer loop
      vertex 107.51495671034375 27.23278293137924 -7.957142857142857
      vertex 117.59455823388923 27.880757315035737 -4.614285714285714
      vertex 107.51495671034375 27.23278293137924 7.957142857142857
    endloop
  endfacet
  facet normal 0.06415328931752126 -0.9979400560503333 7.351991416982924e-16
    outer loop
      vertex 135.005 29 -2
      vertex 120.5149567089246 28.068497217002296 -4.614285714285714
      vertex 107.51495671034375 27.23278293137924 -7.957142857142857
    endloop
  endfacet
  facet normal 0.0641532893175213 -0.9979400560503333 0
    outer loop
      vertex 120.5149567089246 28.068497217002296 -4.614285714285714
      vertex 130.59455823101672 28.71647160056536 -1.2714285714285722
      vertex 120.5149567089246 28.068497217002296 4.614285714285714
    endloop
  endfacet
  facet normal 0.06415328931752158 -0.9979400560503332 -8.422862431335473e-16
    outer loop
      vertex 135.005 29 -2
      vertex 130.59455823101672 28.71647160056536 -1.2714285714285722
      vertex 120.5149567089246 28.068497217002296 -4.614285714285714
    endloop
  endfacet
  facet normal 0.06415328931752223 -0.9979400560503332 3.2210883424693744e-15
    outer loop
      vertex 135.005 29 -2
      vertex 133.51495671202093 28.904211502915633 -1.2714285714285722
      vertex 130.59455823101672 28.71647160056536 -1.2714285714285722
    endloop
  endfacet
  facet normal 0.06415328931752068 -0.9979400560503333 2.443776361663578e-18
    outer loop
      vertex 135.005 29 -2
      vertex 133.51495671202093 28.904211502915633 1.2714285714285722
      vertex 133.51495671202093 28.904211502915633 -1.2714285714285722
    endloop
  endfacet
  facet normal 0.06415328931752129 0.9979400560503333 0
    outer loop
      vertex 135.005 31 -2
      vertex 133.45 31.099964285714286 -1.5112857142857121
      vertex 135.005 31 2
    endloop
  endfacet
  facet normal 0.06415328931752148 -0.9979400560503333 0
    outer loop
      vertex 91.59455823125609 26.209328743437894 -11.3
      vertex 91.59455823125609 26.209328743437894 11.3
      vertex 81.51495670866656 25.561354359842852 14.642857142857142
    endloop
  endfacet
  facet normal 0.06415328931752143 0.9979400560503333 0
    outer loop
      vertex 65.005 35.5 20
      vertex 133.45 31.099964285714286 -2.3998571428571447
      vertex 65.005 35.5 5.82
    endloop
  endfacet
  facet normal 0.06415328931752168 -0.9979400560503333 0
    outer loop
      vertex 104.59455823257267 27.045043029236815 -7.957142857142857
      vertex 104.59455823257267 27.045043029236815 7.957142857142857
      vertex 94.5149567117629 26.397068645756185 11.3
    endloop
  endfacet
  facet normal 0.06415328931752234 -0.9979400560503333 3.5133636574027576e-15
    outer loop
      vertex 70.05 24.82432142857143 18.702714285714286
      vertex 94.5149567117629 26.397068645756185 11.3
      vertex 133.45 28.900035714285714 1.5112857142857121
    endloop
  endfacet
  facet normal 0.06415328931752082 -0.9979400560503333 -2.446695107824194e-15
    outer loop
      vertex 94.5149567117629 26.397068645756185 11.3
      vertex 104.59455823257267 27.045043029236815 7.957142857142857
      vertex 107.51495671034375 27.23278293137924 7.957142857142857
    endloop
  endfacet
  facet normal 0.06415328931752051 -0.9979400560503334 -2.493856207364766e-15
    outer loop
      vertex 70.05 24.82432142857143 18.702714285714286
      vertex 81.51495670866656 25.561354359842852 14.642857142857142
      vertex 94.5149567117629 26.397068645756185 11.3
    endloop
  endfacet
  facet normal 0.06415328931752014 -0.9979400560503333 -4.018272693042429e-15
    outer loop
      vertex 91.59455823125609 26.209328743437894 11.3
      vertex 94.5149567117629 26.397068645756185 11.3
      vertex 81.51495670866656 25.561354359842852 14.642857142857142
    endloop
  endfacet
  facet normal 0.24904103981061848 9.273114739699133e-17 0.9684929325968495
    outer loop
      vertex 70.05 24.82432142857143 18.702714285714286
      vertex 133.45 28.900035714285714 2.3998571428571447
      vertex 65.005 35.5 20
    endloop
  endfacet
  facet normal 0.06415328931752157 -0.9979400560503333 0
    outer loop
      vertex 117.59455823388923 27.880757315035737 -4.614285714285714
      vertex 117.59455823388923 27.880757315035737 4.614285714285714
      vertex 107.51495671034375 27.23278293137924 7.957142857142857
    endloop
  endfacet
  facet normal 0.06415328931752075 -0.9979400560503333 -2.557318978415593e-15
    outer loop
      vertex 133.45 28.900035714285714 1.5112857142857121
      vertex 107.51495671034375 27.23278293137924 7.957142857142857
      vertex 120.5149567089246 28.068497217002296 4.614285714285714
    endloop
  endfacet
  facet normal 0.0641532893175212 -0.9979400560503333 -6.178041754094687e-16
    outer loop
      vertex 133.45 28.900035714285714 1.5112857142857121
      vertex 94.5149567117629 26.397068645756185 11.3
      vertex 107.51495671034375 27.23278293137924 7.957142857142857
    endloop
  endfacet
  facet normal 0.0641532893175215 -0.9979400560503333 -4.645583730835975e-16
    outer loop
      vertex 70.05 24.82432142857143 18.702714285714286
      vertex 133.45 28.900035714285714 1.5112857142857121
      vertex 133.45 28.900035714285714 2.3998571428571447
    endloop
  endfacet
  facet normal 0.06415328931752122 -0.9979400560503333 -1.0470446416481335e-15
    outer loop
      vertex 117.59455823388923 27.880757315035737 4.614285714285714
      vertex 120.5149567089246 28.068497217002296 4.614285714285714
      vertex 107.51495671034375 27.23278293137924 7.957142857142857
    endloop
  endfacet
  facet normal 0.06415328931752148 0.9979400560503334 -1.2369778869212973e-16
    outer loop
      vertex 65.005 35.5 20
      vertex 133.45 31.099964285714286 -1.5112857142857121
      vertex 133.45 31.099964285714286 -2.3998571428571447
    endloop
  endfacet
  facet normal 0.06415328931752139 0.9979400560503333 -1.553975580869146e-16
    outer loop
      vertex 65.005 35.5 20
      vertex 135.005 31 2
      vertex 133.45 31.099964285714286 -1.5112857142857121
    endloop
  endfacet
  facet normal 0.24904103981062017 1.6535825037269505e-14 0.9684929325968491
    outer loop
      vertex 65.005 35.5 20
      vertex 133.45 28.900035714285714 2.3998571428571447
      vertex 133.61930253652014 29.128671907323127 2.356322204894817
    endloop
  endfacet
  facet normal 0.24904103981061834 -1.3038131558402694e-15 0.9684929325968497
    outer loop
      vertex 65.005 35.5 20
      vertex 133.61930253652014 29.128671907323127 2.356322204894817
      vertex 135.005 31 2
    endloop
  endfacet
  facet normal 0.06415328931752132 -0.9979400560503334 0
    outer loop
      vertex 130.59455823101672 28.71647160056536 -1.2714285714285722
      vertex 130.59455823101672 28.71647160056536 1.2714285714285722
      vertex 120.5149567089246 28.068497217002296 4.614285714285714
    endloop
  endfacet
  facet normal 0.06415328931752183 -0.9979400560503334 1.5841252540107572e-15
    outer loop
      vertex 133.45 28.900035714285714 1.5112857142857121
      vertex 120.5149567089246 28.068497217002296 4.614285714285714
      vertex 130.59455823101672 28.71647160056536 1.2714285714285722
    endloop
  endfacet
  facet normal 0.0641532893174992 -0.9979400560503349 -9.867501419466593e-15
    outer loop
      vertex 135.005 29 -2
      vertex 133.45 28.900035714285714 1.5112857142857121
      vertex 133.51495671202093 28.904211502915633 1.2714285714285722
    endloop
  endfacet
  facet normal 1 0 0
    outer loop
      vertex 135.005 29 2
      vertex 135.005 31 -2
      vertex 135.005 31 2
    endloop
  endfacet
  facet normal 0.06415328931752225 -0.9979400560503332 -3.574959583972219e-15
    outer loop
      vertex 133.45 28.900035714285714 1.5112857142857121
      vertex 130.59455823101672 28.71647160056536 1.2714285714285722
      vertex 133.51495671202093 28.904211502915633 1.2714285714285722
    endloop
  endfacet
  facet normal 0.24904103981061626 -1.459246685010609e-18 0.9684929325968502
    outer loop
      vertex 133.61930253652014 29.128671907323127 2.356322204894817
      vertex 135.005 29 2
      vertex 135.005 31 2
    endloop
  endfacet
  facet normal 0 0 -1
    outer loop
      vertex 64.995 24.5 -20
      vertex 64.995 35.5 -20
      vertex 65.005 24.5 -20
    endloop
  endfacet
  facet normal 0.24904103981061793 0 -0.9684929325968498
    outer loop
      vertex 65.005 24.5 -20
      vertex 65.005 35.5 -20
      vertex 69.98474592675204 24.96240497891269 -18.719493904549477
    endloop
  endfacet
  facet normal -1 0 0
    outer loop
      vertex 64.995 24.5 -20
      vertex 64.995 24.899372093023256 -9.70274418604651
      vertex 64.995 35.5 -20
    endloop
  endfacet
  facet normal -1 0 0
    outer loop
      vertex 64.995 24.5 -20
      vertex 64.995 24.898333333333333 -9.702333333333332
      vertex 64.995 24.899372093023256 -9.70274418604651
    endloop
  endfacet
  facet normal 0 0 -1
    outer loop
      vertex 65.005 24.5 -20
      vertex 64.995 35.5 -20
      vertex 65.005 35.5 -20
    endloop
  endfacet
  facet normal -1 0 0
    outer loop
      vertex 64.995 35.5 -20
      vertex 64.995 24.899372093023256 -9.70274418604651
      vertex 64.995 35.10062790697674 -9.70274418604651
    endloop
  endfacet
  facet normal 0 1 0
    outer loop
      vertex 64.995 35.5 -20
      vertex 64.995 35.5 -5.821646511627906
      vertex 65.005 35.5 -20
    endloop
  endfacet
  facet normal -1 0 0
    outer loop
      vertex 64.995 35.5 -20
      vertex 64.995 35.10062790697674 -9.70274418604651
      vertex 64.995 35.10166666666667 -9.702333333333332
    endloop
  endfacet
  facet normal -1 0 0
    outer loop
      vertex 64.995 35.5 -20
      vertex 64.995 35.10166666666667 -9.702333333333332
      vertex 64.995 35.5 -5.821646511627906
    endloop
  endfacet
  facet normal 0 -1 0
    outer loop
      vertex 64.995 24.5 -20
      vertex 65.005 24.5 -20
      vertex 64.995 24.5 20
    endloop
  endfacet
  facet normal -1 0 0
    outer loop
      vertex 64.995 24.5 -20
      vertex 64.995 24.898333333333333 9.702333333333332
      vertex 64.995 24.898333333333333 -9.702333333333332
    endloop
  endfacet
  facet normal 0.06415328931752246 -0.9979400560503332 1.124560450155962e-20
    outer loop
      vertex 65.005 24.5 -20
      vertex 65.59455823281203 24.537900172109346 -15.477204392603545
      vertex 65.59455823281203 24.537900172109346 17.985714285714288
    endloop
  endfacet
  facet normal 0 1 0
    outer loop
      vertex 65.005 35.5 -20
      vertex 64.995 35.5 -5.821646511627906
      vertex 65.005 35.5 -5.82
    endloop
  endfacet
  facet normal -1 0 0
    outer loop
      vertex 64.995 35.10166666666667 -9.702333333333332
      vertex 64.995 35.10166666666667 -5.821646511627906
      vertex 64.995 35.5 -5.821646511627906
    endloop
  endfacet
  facet normal -1 0 0
    outer loop
      vertex 64.995 24.5 -20
      vertex 64.995 24.5 20
      vertex 64.995 24.898333333333333 9.702333333333332
    endloop
  endfacet
  facet normal 0.06415328931752246 -0.9979400560503332 0
    outer loop
      vertex 65.005 24.5 -20
      vertex 65.59455823281203 24.537900172109346 17.985714285714288
      vertex 65.005 24.5 20
    endloop
  endfacet
  facet normal 0 -1 0
    outer loop
      vertex 65.005 24.5 -20
      vertex 65.005 24.5 20
      vertex 64.995 24.5 20
    endloop
  endfacet
  facet normal -1 0 0
    outer loop
      vertex 64.995 35.5 20
      vertex 64.995 35.5 5.821646511627906
      vertex 64.995 35.10166666666667 5.821646511627906
    endloop
  endfacet
  facet normal 0 1 0
    outer loop
      vertex 65.005 35.5 20
      vertex 65.005 35.5 5.82
      vertex 64.995 35.5 5.821646511627906
    endloop
  endfacet
  facet normal -1 0 0
    outer loop
      vertex 64.995 24.5 20
      vertex 64.995 24.899372093023256 9.70274418604651
      vertex 64.995 24.898333333333333 9.702333333333332
    endloop
  endfacet
  facet normal -1 0 0
    outer loop
      vertex 64.995 24.5 20
      vertex 64.995 35.10062790697674 9.70274418604651
      vertex 64.995 24.899372093023256 9.70274418604651
    endloop
  endfacet
  facet normal 0.06415328931752255 -0.9979400560503334 8.616744323856945e-20
    outer loop
      vertex 70.05 24.82432142857143 18.702714285714286
      vertex 68.51495671008573 24.725640074219797 17.985714285714288
      vertex 68.51495671008573 24.725640074219797 6.926630665148388
    endloop
  endfacet
  facet normal 0.06415328931752116 -0.9979400560503334 -3.8399676210818356e-16
    outer loop
      vertex 65.005 24.5 20
      vertex 65.59455823281203 24.537900172109346 17.985714285714288
      vertex 68.51495671008573 24.725640074219797 17.985714285714288
    endloop
  endfacet
  facet normal 0.06415328931752202 -0.9979400560503333 1.1525994479982242e-15
    outer loop
      vertex 65.005 24.5 20
      vertex 68.51495671008573 24.725640074219797 17.985714285714288
      vertex 70.05 24.82432142857143 18.702714285714286
    endloop
  endfacet
  facet normal -1 0 0
    outer loop
      vertex 64.995 35.5 20
      vertex 64.995 35.10166666666667 5.821646511627906
      vertex 64.995 35.10166666666667 9.702333333333332
    endloop
  endfacet
  facet normal -1 0 0
    outer loop
      vertex 64.995 35.5 20
      vertex 64.995 35.10166666666667 9.702333333333332
      vertex 64.995 35.10062790697674 9.70274418604651
    endloop
  endfacet
  facet normal 0 1 0
    outer loop
      vertex 64.995 35.5 20
      vertex 65.005 35.5 20
      vertex 64.995 35.5 5.821646511627906
    endloop
  endfacet
  facet normal -1 0 0
    outer loop
      vertex 64.995 24.5 20
      vertex 64.995 35.5 20
      vertex 64.995 35.10062790697674 9.70274418604651
    endloop
  endfacet
  facet normal 0 0 1
    outer loop
      vertex 64.995 24.5 20
      vertex 65.005 35.5 20
      vertex 64.995 35.5 20
    endloop
  endfacet
  facet normal 0.2490410398106185 0 -0.9684929325968495
    outer loop
      vertex 135.005 29 -2
      vertex 133.45 31.099964285714286 -2.3998571428571447
      vertex 135.005 31 -2
    endloop
  endfacet
  facet normal 0.06415328931752128 0.9979400560503332 7.873687284139082e-18
    outer loop
      vertex 135.005 31 -2
      vertex 133.45 31.099964285714286 -2.3998571428571447
      vertex 133.45 31.099964285714286 -1.5112857142857121
    endloop
  endfacet
  facet normal 1 0 0
    outer loop
      vertex 135.005 29 -2
      vertex 135.005 31 -2
      vertex 135.005 29 2
    endloop
  endfacet
  facet normal 0.06415328931752129 -0.9979400560503333 0
    outer loop
      vertex 135.005 29 -2
      vertex 135.005 29 2
      vertex 133.45 28.900035714285714 1.5112857142857121
    endloop
  endfacet
  facet normal 0.06415328931752129 -0.9979400560503332 0
    outer loop
      vertex 133.45 28.900035714285714 1.5112857142857121
      vertex 135.005 29 2
      vertex 133.45 28.900035714285714 2.3998571428571447
    endloop
  endfacet
  facet normal 0.24904103981061762 1.5309888575611748e-14 0.9684929325968499
    outer loop
      vertex 133.45 28.900035714285714 2.3998571428571447
      vertex 135.005 29 2
      vertex 133.61930253652014 29.128671907323127 2.356322204894817
    endloop
  endfacet
  facet normal 0.06415328931752246 0.9979400560503332 -1.500136594867324e-19
    outer loop
      vertex 65.005 -24.5 -20
      vertex 65.59455823281203 -24.537900172109346 -15.477204392603545
      vertex 65.59455823281203 -24.537900172109346 -17.985714285714288
    endloop
  endfacet
  facet normal 0.06415328931752116 0.9979400560503334 3.8399676210818356e-16
    outer loop
      vertex 65.005 -24.5 -20
      vertex 65.59455823281203 -24.537900172109346 -17.985714285714288
      vertex 68.51495671008573 -24.725640074219797 -17.985714285714288
    endloop
  endfacet
  facet normal 0.0641532893175214 0.9979400560503332 -5.1030990035860484e-17
    outer loop
      vertex 65.005 -24.5 -20
      vertex 68.51495671008573 -24.725640074219797 -17.985714285714288
      vertex 78.59455823412861 -25.373614457908268 -14.642857142857142
    endloop
  endfacet
  facet normal 0.06415328931752218 0.9979400560503332 -1.9820618107233967e-15
    outer loop
      vertex 65.005 -24.5 -20
      vertex 78.59455823412861 -25.373614457908268 -14.642857142857142
      vertex 81.51495670866656 -25.561354359842852 -14.642857142857142
    endloop
  endfacet
  facet normal 0.06415328931752139 0.9979400560503333 0
    outer loop
      vertex 68.51495671008573 -24.725640074219797 -17.985714285714288
      vertex 68.51495671008573 -24.725640074219797 6.926630665148388
      vertex 78.59455823412861 -25.373614457908268 -14.642857142857142
    endloop
  endfacet
  facet normal 0.06415328931752139 0.9979400560503333 0
    outer loop
      vertex 78.59455823412861 -25.373614457908268 -14.642857142857142
      vertex 68.51495671008573 -24.725640074219797 6.926630665148388
      vertex 78.59455823412861 -25.373614457908268 14.642857142857142
    endloop
  endfacet
  facet normal 0.06415328931752126 0.9979400560503333 1.68385311246644e-16
    outer loop
      vertex 70.05 -24.82432142857143 18.702714285714286
      vertex 78.59455823412861 -25.373614457908268 14.642857142857142
      vertex 68.51495671008573 -24.725640074219797 6.926630665148388
    endloop
  endfacet
  facet normal 0.06415328931752215 0.9979400560503334 2.0288053661902795e-15
    outer loop
      vertex 70.05 -24.82432142857143 18.702714285714286
      vertex 81.51495670866656 -25.561354359842852 14.642857142857142
      vertex 78.59455823412861 -25.373614457908268 14.642857142857142
    endloop
  endfacet
  facet normal 0 0 1
    outer loop
      vertex 64.995 -24.5 20
      vertex 65.005 -35.5 20
      vertex 65.005 -24.5 20
    endloop
  endfacet
  facet normal 0.2490410398106183 0 0.9684929325968497
    outer loop
      vertex 65.005 -24.5 20
      vertex 65.005 -35.5 20
      vertex 70.05 -24.82432142857143 18.702714285714286
    endloop
  endfacet
  facet normal 0.2490410398106185 -2.800333265791152e-16 -0.9684929325968495
    outer loop
      vertex 69.98474592675204 -24.96240497891269 -18.719493904549477
      vertex 133.45 -31.099964285714286 -2.3998571428571447
      vertex 65.005 -35.5 -20
    endloop
  endfacet
  facet normal 0.06415328931752119 0.9979400560503334 9.36627611923309e-16
    outer loop
      vertex 65.005 -24.5 -20
      vertex 81.51495670866656 -25.561354359842852 -14.642857142857142
      vertex 94.5149567117629 -26.39706864575619 -11.3
    endloop
  endfacet
  facet normal 0.2490410398106197 1.9346727307365462e-14 -0.9684929325968493
    outer loop
      vertex 65.005 -24.5 -20
      vertex 135.005 -29 -2
      vertex 69.98474592675204 -24.96240497891269 -18.719493904549477
    endloop
  endfacet
  facet normal 0.0641532893175214 0.9979400560503333 2.9307504132446603e-16
    outer loop
      vertex 81.51495670866656 -25.561354359842852 -14.642857142857142
      vertex 91.59455823125609 -26.209328743437894 -11.3
      vertex 94.5149567117629 -26.39706864575619 -11.3
    endloop
  endfacet
  facet normal 0.06415328931752105 0.9979400560503332 1.5489878287131572e-15
    outer loop
      vertex 65.005 -24.5 -20
      vertex 94.5149567117629 -26.39706864575619 -11.3
      vertex 135.005 -29 -2
    endloop
  endfacet
  facet normal 0.06415328931752143 -0.9979400560503333 0
    outer loop
      vertex 65.005 -35.5 -20
      vertex 133.45 -31.099964285714286 -2.3998571428571447
      vertex 65.005 -35.5 -5.82
    endloop
  endfacet
  facet normal 0.06415328931752143 -0.9979400560503333 9.442811066090449e-18
    outer loop
      vertex 133.45 -31.099964285714286 -2.3998571428571447
      vertex 65.005 -35.5 5.82
      vertex 65.005 -35.5 -5.82
    endloop
  endfacet
  facet normal 0.06415328931752148 0.9979400560503334 0
    outer loop
      vertex 81.51495670866656 -25.561354359842852 -14.642857142857142
      vertex 81.51495670866656 -25.561354359842852 14.642857142857142
      vertex 91.59455823125609 -26.209328743437894 -11.3
    endloop
  endfacet
  facet normal 0.06415328931752085 0.9979400560503333 1.3861067733656145e-15
    outer loop
      vertex 94.5149567117629 -26.39706864575619 -11.3
      vertex 104.59455823257267 -27.045043029236815 -7.957142857142857
      vertex 107.51495671034375 -27.23278293137924 -7.957142857142857
    endloop
  endfacet
  facet normal 0.06415328931752139 0.9979400560503333 -1.5687589768818395e-16
    outer loop
      vertex 94.5149567117629 -26.39706864575619 -11.3
      vertex 94.5149567117629 -26.397068645756185 11.3
      vertex 104.59455823257267 -27.045043029236815 -7.957142857142857
    endloop
  endfacet
  facet normal 0.24904103981061856 -3.629856720107601e-16 -0.9684929325968495
    outer loop
      vertex 69.98474592675204 -24.96240497891269 -18.719493904549477
      vertex 135.005 -29 -2
      vertex 133.45 -31.099964285714286 -2.3998571428571447
    endloop
  endfacet
  facet normal 0.06415328931752272 0.9979400560503333 -5.905766711232369e-15
    outer loop
      vertex 135.005 -29 -2
      vertex 94.5149567117629 -26.39706864575619 -11.3
      vertex 107.51495671034375 -27.23278293137924 -7.957142857142857
    endloop
  endfacet
  facet normal 0.06415328931752119 0.9979400560503333 9.62929645506229e-16
    outer loop
      vertex 107.51495671034375 -27.23278293137924 -7.957142857142857
      vertex 117.59455823388923 -27.880757315035737 -4.614285714285714
      vertex 120.5149567089246 -28.068497217002296 -4.614285714285714
    endloop
  endfacet
  facet normal 0.06415328931752157 0.9979400560503333 0
    outer loop
      vertex 107.51495671034375 -27.23278293137924 -7.957142857142857
      vertex 107.51495671034375 -27.23278293137924 7.957142857142857
      vertex 117.59455823388923 -27.880757315035737 -4.614285714285714
    endloop
  endfacet
  facet normal 0.06415328931752223 0.9979400560503332 3.2392545083920837e-15
    outer loop
      vertex 135.005 -29 -2
      vertex 130.59455823101672 -28.71647160056536 -1.2714285714285722
      vertex 133.51495671202093 -28.904211502915633 -1.2714285714285722
    endloop
  endfacet
  facet normal 0.06415328931752129 -0.9979400560503333 0
    outer loop
      vertex 135.005 -31 -2
      vertex 135.005 -31 2
      vertex 133.45 -31.099964285714286 -1.5112857142857121
    endloop
  endfacet
  facet normal 0.06415328931752069 0.9979400560503333 -2.4437763616635782e-18
    outer loop
      vertex 135.005 -29 -2
      vertex 133.51495671202093 -28.904211502915633 -1.2714285714285722
      vertex 133.51495671202093 -28.904211502915633 1.2714285714285722
    endloop
  endfacet
  facet normal 0.06415328931752134 0.9979400560503333 7.2211346243253995e-16
    outer loop
      vertex 135.005 -29 -2
      vertex 107.51495671034375 -27.23278293137924 -7.957142857142857
      vertex 120.5149567089246 -28.068497217002296 -4.614285714285714
    endloop
  endfacet
  facet normal 0.0641532893175213 0.9979400560503333 0
    outer loop
      vertex 120.5149567089246 -28.068497217002296 -4.614285714285714
      vertex 120.5149567089246 -28.068497217002296 4.614285714285714
      vertex 130.59455823101672 -28.71647160056536 -1.2714285714285722
    endloop
  endfacet
  facet normal 0.06415328931752158 0.9979400560503332 -8.4411846188638975e-16
    outer loop
      vertex 135.005 -29 -2
      vertex 120.5149567089246 -28.068497217002296 -4.614285714285714
      vertex 130.59455823101672 -28.71647160056536 -1.2714285714285722
    endloop
  endfacet
  facet normal 0.06415328931752143 -0.9979400560503333 0
    outer loop
      vertex 65.005 -35.5 20
      vertex 65.005 -35.5 5.82
      vertex 133.45 -31.099964285714286 -2.3998571428571447
    endloop
  endfacet
  facet normal 0.06415328931752148 0.9979400560503333 0
    outer loop
      vertex 91.59455823125609 -26.209328743437894 -11.3
      vertex 81.51495670866656 -25.561354359842852 14.642857142857142
      vertex 91.59455823125609 -26.209328743437894 11.3
    endloop
  endfacet
  facet normal 0.06415328931752168 0.9979400560503333 0
    outer loop
      vertex 104.59455823257267 -27.045043029236815 -7.957142857142857
      vertex 94.5149567117629 -26.397068645756185 11.3
      vertex 104.59455823257267 -27.045043029236815 7.957142857142857
    endloop
  endfacet
  facet normal 0.06415328931752236 0.9979400560503333 3.5330350834380886e-15
    outer loop
      vertex 70.05 -24.82432142857143 18.702714285714286
      vertex 133.45 -28.900035714285714 1.5112857142857121
      vertex 94.5149567117629 -26.397068645756185 11.3
    endloop
  endfacet
  facet normal 0.06415328931752083 0.9979400560503333 -2.449433143216071e-15
    outer loop
      vertex 94.5149567117629 -26.397068645756185 11.3
      vertex 107.51495671034375 -27.23278293137924 7.957142857142857
      vertex 104.59455823257267 -27.045043029236815 7.957142857142857
    endloop
  endfacet
  facet normal 0.2490410398106185 -1.0811505808628452e-16 0.9684929325968495
    outer loop
      vertex 70.05 -24.82432142857143 18.702714285714286
      vertex 65.005 -35.5 20
      vertex 133.45 -28.900035714285714 2.3998571428571447
    endloop
  endfacet
  facet normal 0.06415328931752051 0.9979400560503333 -2.5307421955256947e-15
    outer loop
      vertex 70.05 -24.82432142857143 18.702714285714286
      vertex 94.5149567117629 -26.397068645756185 11.3
      vertex 81.51495670866656 -25.561354359842852 14.642857142857142
    endloop
  endfacet
  facet normal 0.06415328931752014 0.9979400560503333 -4.020499529279233e-15
    outer loop
      vertex 91.59455823125609 -26.209328743437894 11.3
      vertex 81.51495670866656 -25.561354359842852 14.642857142857142
      vertex 94.5149567117629 -26.397068645756185 11.3
    endloop
  endfacet
  facet normal 0.0641532893175213 -0.9979400560503334 1.236977886921296e-16
    outer loop
      vertex 65.005 -35.5 20
      vertex 133.45 -31.099964285714286 -2.3998571428571447
      vertex 133.45 -31.099964285714286 -1.5112857142857121
    endloop
  endfacet
  facet normal 0.0641532893175214 -0.9979400560503333 -1.0359837205794308e-16
    outer loop
      vertex 65.005 -35.5 20
      vertex 133.45 -31.099964285714286 -1.5112857142857121
      vertex 135.005 -31 2
    endloop
  endfacet
  facet normal 0.24904103981061843 2.4070396723204977e-15 0.9684929325968497
    outer loop
      vertex 65.005 -35.5 20
      vertex 135.005 -31 2
      vertex 133.61930253652014 -29.128671907323127 2.356322204894817
    endloop
  endfacet
  facet normal 0.24904103981062034 -1.0235106842465851e-14 0.9684929325968491
    outer loop
      vertex 65.005 -35.5 20
      vertex 133.61930253652014 -29.128671907323127 2.356322204894817
      vertex 133.45 -28.900035714285714 2.3998571428571447
    endloop
  endfacet
  facet normal 0.06415328931752157 0.9979400560503333 0
    outer loop
      vertex 117.59455823388923 -27.880757315035737 -4.614285714285714
      vertex 107.51495671034375 -27.23278293137924 7.957142857142857
      vertex 117.59455823388923 -27.880757315035737 4.614285714285714
    endloop
  endfacet
  facet normal 0.0641532893175209 0.9979400560503333 -2.138457650062903e-15
    outer loop
      vertex 133.45 -28.900035714285714 1.5112857142857121
      vertex 120.5149567089246 -28.068497217002296 4.614285714285714
      vertex 107.51495671034375 -27.23278293137924 7.957142857142857
    endloop
  endfacet
  facet normal 0.06415328931752043 0.9979400560503333 -1.6337166717826015e-15
    outer loop
      vertex 133.45 -28.900035714285714 1.5112857142857121
      vertex 107.51495671034375 -27.23278293137924 7.957142857142857
      vertex 94.5149567117629 -26.397068645756185 11.3
    endloop
  endfacet
  facet normal 0.0641532893175216 0.9979400560503333 4.645583730835972e-16
    outer loop
      vertex 70.05 -24.82432142857143 18.702714285714286
      vertex 133.45 -28.900035714285714 2.3998571428571447
      vertex 133.45 -28.900035714285714 1.5112857142857121
    endloop
  endfacet
  facet normal 0.06415328931752122 0.9979400560503333 -1.048817250365777e-15
    outer loop
      vertex 117.59455823388923 -27.880757315035737 4.614285714285714
      vertex 107.51495671034375 -27.23278293137924 7.957142857142857
      vertex 120.5149567089246 -28.068497217002296 4.614285714285714
    endloop
  endfacet
  facet normal 1 0 0
    outer loop
      vertex 135.005 -29 2
      vertex 135.005 -31 2
      vertex 135.005 -31 -2
    endloop
  endfacet
  facet normal 0.06415328931749911 0.9979400560503348 -9.947557074517498e-15
    outer loop
      vertex 135.005 -29 -2
      vertex 133.51495671202093 -28.904211502915633 1.2714285714285722
      vertex 133.45 -28.900035714285714 1.5112857142857121
    endloop
  endfacet
  facet normal 0.06415328931752225 0.9979400560503332 -3.576587734625581e-15
    outer loop
      vertex 133.45 -28.900035714285714 1.5112857142857121
      vertex 133.51495671202093 -28.904211502915633 1.2714285714285722
      vertex 130.59455823101672 -28.71647160056536 1.2714285714285722
    endloop
  endfacet
  facet normal 0.24904103981061626 -1.459246685010609e-18 0.9684929325968502
    outer loop
      vertex 133.61930253652014 -29.128671907323127 2.356322204894817
      vertex 135.005 -31 2
      vertex 135.005 -29 2
    endloop
  endfacet
  facet normal 0.06415328931752132 0.9979400560503334 0
    outer loop
      vertex 130.59455823101672 -28.71647160056536 -1.2714285714285722
      vertex 120.5149567089246 -28.068497217002296 4.614285714285714
      vertex 130.59455823101672 -28.71647160056536 1.2714285714285722
    endloop
  endfacet
  facet normal 0.06415328931752183 0.9979400560503334 1.5792099972167692e-15
    outer loop
      vertex 133.45 -28.900035714285714 1.5112857142857121
      vertex 130.59455823101672 -28.71647160056536 1.2714285714285722
      vertex 120.5149567089246 -28.068497217002296 4.614285714285714
    endloop
  endfacet
  facet normal 0 0 -1
    outer loop
      vertex 65.005 -24.5 -20
      vertex 65.005 -35.5 -20
      vertex 64.995 -35.5 -20
    endloop
  endfacet
  facet normal 0 -1 0
    outer loop
      vertex 64.995 -35.5 -20
      vertex 65.005 -35.5 -20
      vertex 64.995 -35.5 -5.821646511627906
    endloop
  endfacet
  facet normal -1 0 0
    outer loop
      vertex 64.995 -35.5 -20
      vertex 64.995 -35.10166666666667 -9.702333333333332
      vertex 64.995 -35.10062790697674 -9.70274418604651
    endloop
  endfacet
  facet normal -1 0 0
    outer loop
      vertex 64.995 -35.5 -20
      vertex 64.995 -35.5 -5.821646511627906
      vertex 64.995 -35.10166666666667 -9.702333333333332
    endloop
  endfacet
  facet normal -1 0 0
    outer loop
      vertex 64.995 -35.5 -20
      vertex 64.995 -35.10062790697674 -9.70274418604651
      vertex 64.995 -24.899372093023256 -9.70274418604651
    endloop
  endfacet
  facet normal 0 0 -1
    outer loop
      vertex 64.995 -24.5 -20
      vertex 65.005 -24.5 -20
      vertex 64.995 -35.5 -20
    endloop
  endfacet
  facet normal 0.24904103981061793 0 -0.9684929325968498
    outer loop
      vertex 65.005 -24.5 -20
      vertex 69.98474592675204 -24.96240497891269 -18.719493904549477
      vertex 65.005 -35.5 -20
    endloop
  endfacet
  facet normal -1 0 0
    outer loop
      vertex 64.995 -24.5 -20
      vertex 64.995 -35.5 -20
      vertex 64.995 -24.899372093023256 -9.70274418604651
    endloop
  endfacet
  facet normal -1 0 0
    outer loop
      vertex 64.995 -24.5 -20
      vertex 64.995 -24.899372093023256 -9.70274418604651
      vertex 64.995 -24.898333333333333 -9.702333333333332
    endloop
  endfacet
  facet normal 0 -1 0
    outer loop
      vertex 65.005 -35.5 -20
      vertex 65.005 -35.5 -5.82
      vertex 64.995 -35.5 -5.821646511627906
    endloop
  endfacet
  facet normal -1 0 0
    outer loop
      vertex 64.995 -35.10166666666667 -9.702333333333332
      vertex 64.995 -35.5 -5.821646511627906
      vertex 64.995 -35.10166666666667 -5.821646511627906
    endloop
  endfacet
  facet normal -1 0 0
    outer loop
      vertex 64.995 -24.5 -20
      vertex 64.995 -24.898333333333333 -9.702333333333332
      vertex 64.995 -24.898333333333333 9.702333333333332
    endloop
  endfacet
  facet normal 0 1 0
    outer loop
      vertex 64.995 -24.5 -20
      vertex 64.995 -24.5 20
      vertex 65.005 -24.5 -20
    endloop
  endfacet
  facet normal 0.06415328931752246 0.9979400560503332 -1.124560450155962e-20
    outer loop
      vertex 65.005 -24.5 -20
      vertex 65.59455823281203 -24.537900172109346 17.985714285714288
      vertex 65.59455823281203 -24.537900172109346 -15.477204392603545
    endloop
  endfacet
  facet normal 0 -1 0
    outer loop
      vertex 65.005 -35.5 20
      vertex 64.995 -35.5 5.821646511627906
      vertex 65.005 -35.5 5.82
    endloop
  endfacet
  facet normal -1 0 0
    outer loop
      vertex 64.995 -35.5 20
      vertex 64.995 -35.10166666666667 5.821646511627906
      vertex 64.995 -35.5 5.821646511627906
    endloop
  endfacet
  facet normal -1 0 0
    outer loop
      vertex 64.995 -24.5 -20
      vertex 64.995 -24.898333333333333 9.702333333333332
      vertex 64.995 -24.5 20
    endloop
  endfacet
  facet normal 0.06415328931752246 0.9979400560503332 0
    outer loop
      vertex 65.005 -24.5 -20
      vertex 65.005 -24.5 20
      vertex 65.59455823281203 -24.537900172109346 17.985714285714288
    endloop
  endfacet
  facet normal 0 1 0
    outer loop
      vertex 65.005 -24.5 -20
      vertex 64.995 -24.5 20
      vertex 65.005 -24.5 20
    endloop
  endfacet
  facet normal -1 0 0
    outer loop
      vertex 64.995 -35.5 20
      vertex 64.995 -35.10166666666667 9.702333333333332
      vertex 64.995 -35.10166666666667 5.821646511627906
    endloop
  endfacet
  facet normal -1 0 0
    outer loop
      vertex 64.995 -35.5 20
      vertex 64.995 -35.10062790697674 9.70274418604651
      vertex 64.995 -35.10166666666667 9.702333333333332
    endloop
  endfacet
  facet normal 0 -1 0
    outer loop
      vertex 64.995 -35.5 20
      vertex 64.995 -35.5 5.821646511627906
      vertex 65.005 -35.5 20
    endloop
  endfacet
  facet normal -1 0 0
    outer loop
      vertex 64.995 -24.5 20
      vertex 64.995 -35.10062790697674 9.70274418604651
      vertex 64.995 -35.5 20
    endloop
  endfacet
  facet normal 0 0 1
    outer loop
      vertex 64.995 -24.5 20
      vertex 64.995 -35.5 20
      vertex 65.005 -35.5 20
    endloop
  endfacet
  facet normal -1 0 0
    outer loop
      vertex 64.995 -24.5 20
      vertex 64.995 -24.899372093023256 9.70274418604651
      vertex 64.995 -35.10062790697674 9.70274418604651
    endloop
  endfacet
  facet normal -1 0 0
    outer loop
      vertex 64.995 -24.5 20
      vertex 64.995 -24.898333333333333 9.702333333333332
      vertex 64.995 -24.899372093023256 9.70274418604651
    endloop
  endfacet
  facet normal 0.06415328931752255 0.9979400560503334 -8.616744323856945e-20
    outer loop
      vertex 70.05 -24.82432142857143 18.702714285714286
      vertex 68.51495671008573 -24.725640074219797 6.926630665148388
      vertex 68.51495671008573 -24.725640074219797 17.985714285714288
    endloop
  endfacet
  facet normal 0.06415328931752115 0.9979400560503334 -3.8506154414518673e-16
    outer loop
      vertex 65.005 -24.5 20
      vertex 68.51495671008573 -24.725640074219797 17.985714285714288
      vertex 65.59455823281203 -24.537900172109346 17.985714285714288
    endloop
  endfacet
  facet normal 0.06415328931752202 0.9979400560503333 1.126260294884999e-15
    outer loop
      vertex 65.005 -24.5 20
      vertex 70.05 -24.82432142857143 18.702714285714286
      vertex 68.51495671008573 -24.725640074219797 17.985714285714288
    endloop
  endfacet
  facet normal 0.2490410398106185 0 -0.9684929325968495
    outer loop
      vertex 135.005 -29 -2
      vertex 135.005 -31 -2
      vertex 133.45 -31.099964285714286 -2.3998571428571447
    endloop
  endfacet
  facet normal 0.06415328931752129 -0.9979400560503332 -7.873687284139084e-18
    outer loop
      vertex 135.005 -31 -2
      vertex 133.45 -31.099964285714286 -1.5112857142857121
      vertex 133.45 -31.099964285714286 -2.3998571428571447
    endloop
  endfacet
  facet normal 1 0 0
    outer loop
      vertex 135.005 -29 -2
      vertex 135.005 -29 2
      vertex 135.005 -31 -2
    endloop
  endfacet
  facet normal 0.06415328931752129 0.9979400560503333 0
    outer loop
      vertex 135.005 -29 -2
      vertex 133.45 -28.900035714285714 1.5112857142857121
      vertex 135.005 -29 2
    endloop
  endfacet
  facet normal 0.06415328931752129 0.9979400560503332 0
    outer loop
      vertex 133.45 -28.900035714285714 1.5112857142857121
      vertex 133.45 -28.900035714285714 2.3998571428571447
      vertex 135.005 -29 2
    endloop
  endfacet
  facet normal 0.24904103981061762 -1.5324934333192736e-14 0.9684929325968499
    outer loop
      vertex 133.45 -28.900035714285714 2.3998571428571447
      vertex 133.61930253652014 -29.128671907323127 2.356322204894817
      vertex 135.005 -29 2
    endloop
  endfacet
  facet normal -0.2727194468682853 0 0.9620936042297842
    outer loop
      vertex 70.05 26.30261496062992 -18.58724409448819
      vertex 133.45 30.013196062992126 -0.6155905511811044
      vertex 70.05 33.697385039370076 -18.58724409448819
    endloop
  endfacet
  facet normal -0.058012370695175994 0.9983158642665785 0
    outer loop
      vertex 70.05 26.30261496062992 -18.58724409448819
      vertex 70.05 26.30261496062992 18.58724409448819
      vertex 133.45 29.986803937007874 -0.6155905511811044
    endloop
  endfacet
  facet normal -0.27271944686828575 4.9573371004214015e-14 0.962093604229784
    outer loop
      vertex 70.05 26.30261496062992 -18.58724409448819
      vertex 133.45 29.986803937007874 -0.6155905511811044
      vertex 133.45 30.013196062992126 -0.6155905511811044
    endloop
  endfacet
  facet normal -0.058012370695175806 -0.9983158642665785 1.0998372547864405e-17
    outer loop
      vertex 70.05 33.697385039370076 -18.58724409448819
      vertex 133.45 30.013196062992126 -0.6155905511811044
      vertex 133.45 30.013196062992126 0.6155905511811044
    endloop
  endfacet
  facet normal -0.05801237069517593 -0.9983158642665785 0
    outer loop
      vertex 70.05 33.697385039370076 -18.58724409448819
      vertex 133.45 30.013196062992126 0.6155905511811044
      vertex 70.05 33.697385039370076 18.58724409448819
    endloop
  endfacet
  facet normal -0.2727194468682853 0 -0.9620936042297842
    outer loop
      vertex 70.05 26.30261496062992 18.58724409448819
      vertex 70.05 33.697385039370076 18.58724409448819
      vertex 133.45 29.986803937007874 0.6155905511811044
    endloop
  endfacet
  facet normal -0.05801237069517596 0.9983158642665785 -3.8261032860780916e-17
    outer loop
      vertex 70.05 26.30261496062992 18.58724409448819
      vertex 133.45 29.986803937007874 0.6155905511811044
      vertex 133.45 29.986803937007874 -0.6155905511811044
    endloop
  endfacet
  facet normal -0.27271944686828914 -4.95733710042139e-14 -0.9620936042297831
    outer loop
      vertex 70.05 33.697385039370076 18.58724409448819
      vertex 133.45 30.013196062992126 0.6155905511811044
      vertex 133.45 29.986803937007874 0.6155905511811044
    endloop
  endfacet
  facet normal -0.2727194468682853 0 0.9620936042297842
    outer loop
      vertex 70.05 -26.30261496062992 -18.58724409448819
      vertex 70.05 -33.697385039370076 -18.58724409448819
      vertex 133.45 -30.013196062992126 -0.6155905511811044
    endloop
  endfacet
  facet normal -0.058012370695175994 -0.9983158642665785 0
    outer loop
      vertex 70.05 -26.30261496062992 -18.58724409448819
      vertex 133.45 -29.986803937007874 -0.6155905511811044
      vertex 70.05 -26.30261496062992 18.58724409448819
    endloop
  endfacet
  facet normal -0.05801237069517584 0.9983158642665785 -1.0998372547864408e-17
    outer loop
      vertex 70.05 -33.697385039370076 -18.58724409448819
      vertex 133.45 -30.013196062992126 0.6155905511811044
      vertex 133.45 -30.013196062992126 -0.6155905511811044
    endloop
  endfacet
  facet normal -0.27271944686828553 4.957337100421371e-14 0.9620936042297841
    outer loop
      vertex 70.05 -26.30261496062992 -18.58724409448819
      vertex 133.45 -30.013196062992126 -0.6155905511811044
      vertex 133.45 -29.986803937007874 -0.6155905511811044
    endloop
  endfacet
  facet normal -0.05801237069517593 0.9983158642665785 0
    outer loop
      vertex 70.05 -33.697385039370076 -18.58724409448819
      vertex 70.05 -33.697385039370076 18.58724409448819
      vertex 133.45 -30.013196062992126 0.6155905511811044
    endloop
  endfacet
  facet normal -0.2727194468682853 0 -0.9620936042297842
    outer loop
      vertex 70.05 -26.30261496062992 18.58724409448819
      vertex 133.45 -29.986803937007874 0.6155905511811044
      vertex 70.05 -33.697385039370076 18.58724409448819
    endloop
  endfacet
  facet normal -0.27271944686828214 -4.957337100421382e-14 -0.9620936042297851
    outer loop
      vertex 70.05 -33.697385039370076 18.58724409448819
      vertex 133.45 -29.986803937007874 0.6155905511811044
      vertex 133.45 -30.013196062992126 0.6155905511811044
    endloop
  endfacet
  facet normal -0.058012370695175924 -0.9983158642665784 3.8261032860780916e-17
    outer loop
      vertex 70.05 -26.30261496062992 18.58724409448819
      vertex 133.45 -29.986803937007874 -0.6155905511811044
      vertex 133.45 -29.986803937007874 0.6155905511811044
    endloop
  endfacet
  facet normal 1 0 0
    outer loop
      vertex 70.05 26.30261496062992 -18.58724409448819
      vertex 70.05 33.697385039370076 -18.58724409448819
      vertex 70.05 26.30261496062992 18.58724409448819
    endloop
  endfacet
  facet normal 1 0 0
    outer loop
      vertex 70.05 26.30261496062992 18.58724409448819
      vertex 70.05 33.697385039370076 -18.58724409448819
      vertex 70.05 33.697385039370076 18.58724409448819
    endloop
  endfacet
  facet normal 1 0 0
    outer loop
      vertex 70.05 -26.30261496062992 -18.58724409448819
      vertex 70.05 -26.30261496062992 18.58724409448819
      vertex 70.05 -33.697385039370076 -18.58724409448819
    endloop
  endfacet
  facet normal 1 0 0
    outer loop
      vertex 70.05 -26.30261496062992 18.58724409448819
      vertex 70.05 -33.697385039370076 18.58724409448819
      vertex 70.05 -33.697385039370076 -18.58724409448819
    endloop
  endfacet
  facet normal -1 0 0
    outer loop
      vertex 133.45 29.986803937007874 -0.6155905511811044
      vertex 133.45 30.013196062992126 0.6155905511811044
      vertex 133.45 30.013196062992126 -0.6155905511811044
    endloop
  endfacet
  facet normal -1 0 0
    outer loop
      vertex 133.45 29.986803937007874 -0.6155905511811044
      vertex 133.45 29.986803937007874 0.6155905511811044
      vertex 133.45 30.013196062992126 0.6155905511811044
    endloop
  endfacet
  facet normal -1 0 0
    outer loop
      vertex 133.45 -29.986803937007874 -0.6155905511811044
      vertex 133.45 -30.013196062992126 -0.6155905511811044
      vertex 133.45 -30.013196062992126 0.6155905511811044
    endloop
  endfacet
  facet normal -1 0 0
    outer loop
      vertex 133.45 -29.986803937007874 -0.6155905511811044
      vertex 133.45 -30.013196062992126 0.6155905511811044
      vertex 133.45 -29.986803937007874 0.6155905511811044
    endloop
  endfacet
  facet normal 0 0 -1
    outer loop
      vertex 28 21.200000002980232 -18.3
      vertex 27.245875518331015 22.492784828698493 -18.3
      vertex 28.804931441935636 22.579882474869894 -18.3
    endloop
  endfacet
  facet normal -0.8637789008984337 -0.5038710255240857 0
    outer loop
      vertex 28 21.200000002980232 -18.3
      vertex 28 21.200000002980232 18.3
      vertex 27.245875518331015 22.492784828698493 -18.3
    endloop
  endfacet
  facet normal 0.8637789008984333 -0.5038710255240862 1.2122016400204266e-18
    outer loop
      vertex 28 21.200000002980232 -18.3
      vertex 28.804931441935636 22.579882474869894 -18.3
      vertex 28.804931441935636 22.579882474869894 18.3
    endloop
  endfacet
  facet normal -0.8637789008984337 -0.5038710255240857 0
    outer loop
      vertex 27.245875518331015 22.492784828698493 -18.3
      vertex 28 21.200000002980232 18.3
      vertex 27.245875518331015 22.492784828698493 18.3
    endloop
  endfacet
  facet normal 0.8637789008984333 -0.5038710255240862 0
    outer loop
      vertex 28 21.200000002980232 -18.3
      vertex 28.804931441935636 22.579882474869894 18.3
      vertex 28 21.200000002980232 18.3
    endloop
  endfacet
  facet normal 0 0 1
    outer loop
      vertex 28 21.200000002980232 18.3
      vertex 28.804931441935636 22.579882474869894 18.3
      vertex 27.245875518331015 22.492784828698493 18.3
    endloop
  endfacet
  facet normal 0 0 -1
    outer loop
      vertex 28 -21.200000002980232 -18.3
      vertex 28.804931441935636 -22.579882474869894 -18.3
      vertex 27.245875518331015 -22.492784828698493 -18.3
    endloop
  endfacet
  facet normal -0.8637789008984337 0.5038710255240857 0
    outer loop
      vertex 28 -21.200000002980232 -18.3
      vertex 27.245875518331015 -22.492784828698493 -18.3
      vertex 28 -21.200000002980232 18.3
    endloop
  endfacet
  facet normal 0.8637789008984333 0.5038710255240862 -1.2122016400204266e-18
    outer loop
      vertex 28 -21.200000002980232 -18.3
      vertex 28.804931441935636 -22.579882474869894 18.3
      vertex 28.804931441935636 -22.579882474869894 -18.3
    endloop
  endfacet
  facet normal -0.8637789008984337 0.5038710255240857 0
    outer loop
      vertex 27.245875518331015 -22.492784828698493 -18.3
      vertex 27.245875518331015 -22.492784828698493 18.3
      vertex 28 -21.200000002980232 18.3
    endloop
  endfacet
  facet normal 0.8637789008984333 0.5038710255240862 0
    outer loop
      vertex 28 -21.200000002980232 -18.3
      vertex 28 -21.200000002980232 18.3
      vertex 28.804931441935636 -22.579882474869894 18.3
    endloop
  endfacet
  facet normal 0 0 1
    outer loop
      vertex 28 -21.200000002980232 18.3
      vertex 27.245875518331015 -22.492784828698493 18.3
      vertex 28.804931441935636 -22.579882474869894 18.3
    endloop
  endfacet
  facet normal 0 0 -1
    outer loop
      vertex 41 22.450000002980232 -14.7
      vertex 40.54175234875388 23.23556740511643 -14.7
      vertex 41.489120764074414 23.28849274139351 -14.7
    endloop
  endfacet
  facet normal 0 0 -1
    outer loop
      vertex 39.25 25.450000002980232 -14.7
      vertex 39.94527596494499 25.007831437628194 -14.7
      vertex 39.52173416443327 24.98417000680891 -14.7
    endloop
  endfacet
  facet normal 0 0 -1
    outer loop
      vertex 39.25 25.450000002980232 -14.7
      vertex 40.12533898305085 25.14406779661017 -14.7
      vertex 39.94527596494499 25.007831437628194 -14.7
    endloop
  endfacet
  facet normal 0 0 -1
    outer loop
      vertex 39.25 25.450000002980232 -14.7
      vertex 40.125338983050845 25.450000002980232 -14.7
      vertex 40.12533898305085 25.14406779661017 -14.7
    endloop
  endfacet
  facet normal 0.8637789008984291 -0.5038710255240935 7.248594843032114e-14
    outer loop
      vertex 42.57785972940898 25.154902396252773 -13.970359342179828
      vertex 42.66454536130145 25.30350633663986 -14.003194528759135
      vertex 42.75 25.450000002980232 -13.97974418604651
    endloop
  endfacet
  facet normal -0.8637789008984322 -0.5038710255240885 0
    outer loop
      vertex 41 22.450000002980232 -14.7
      vertex 41 22.450000002980232 14.7
      vertex 40.54175234875388 23.23556740511643 -14.7
    endloop
  endfacet
  facet normal 0.8637789008984329 -0.5038710255240871 7.39552459413205e-19
    outer loop
      vertex 41 22.450000002980232 -14.7
      vertex 41.489120764074414 23.28849274139351 -14.7
      vertex 41.489120764074414 23.28849274139351 14.7
    endloop
  endfacet
  facet normal -0.8637789008984352 -0.5038710255240829 -4.843945061853225e-19
    outer loop
      vertex 39.25 25.450000002980232 -14.7
      vertex 39.52173416443327 24.98417000680891 -14.7
      vertex 39.52173416443327 24.98417000680891 14.7
    endloop
  endfacet
  facet normal 0 1 0
    outer loop
      vertex 39.25 25.450000002980232 -14.7
      vertex 42.75 25.450000002980232 13.97974418604651
      vertex 40.125338983050845 25.450000002980232 -14.7
    endloop
  endfacet
  facet normal 0 1 0
    outer loop
      vertex 40.125338983050845 25.450000002980232 -14.7
      vertex 42.75 25.450000002980232 13.97974418604651
      vertex 42.75 25.450000002980232 -13.97974418604651
    endloop
  endfacet
  facet normal 0.8637789008984282 -0.5038710255240952 -2.2220552736186826e-19
    outer loop
      vertex 42.57785972940898 25.154902396252773 -13.970359342179828
      vertex 42.75 25.450000002980232 -13.97974418604651
      vertex 42.75 25.450000002980232 13.97974418604651
    endloop
  endfacet
  facet normal 0.8637789008984329 -0.5038710255240871 0
    outer loop
      vertex 41 22.450000002980232 -14.7
      vertex 41.489120764074414 23.28849274139351 14.7
      vertex 41 22.450000002980232 14.7
    endloop
  endfacet
  facet normal -0.8637789008984322 -0.5038710255240885 0
    outer loop
      vertex 40.54175234875388 23.23556740511643 -14.7
      vertex 41 22.450000002980232 14.7
      vertex 40.54175234875388 23.23556740511643 14.7
    endloop
  endfacet
  facet normal -0.8637789008984352 -0.5038710255240829 0
    outer loop
      vertex 39.25 25.450000002980232 -14.7
      vertex 39.52173416443327 24.98417000680891 14.7
      vertex 39.25 25.450000002980232 14.7
    endloop
  endfacet
  facet normal 0 1 0
    outer loop
      vertex 39.25 25.450000002980232 -14.7
      vertex 39.25 25.450000002980232 14.7
      vertex 42.75 25.450000002980232 13.97974418604651
    endloop
  endfacet
  facet normal 0.8637789008984221 -0.5038710255241053 0
    outer loop
      vertex 42.57785972940898 25.154902396252773 -13.970359342179828
      vertex 42.66454536130145 25.30350633663986 14.003194528759135
      vertex 42.57785972940898 25.154902396252773 13.970359342179828
    endloop
  endfacet
  facet normal 0.8637789008984342 -0.5038710255240848 -1.4654401138078057e-16
    outer loop
      vertex 42.57785972940898 25.154902396252773 -13.970359342179828
      vertex 42.75 25.450000002980232 13.97974418604651
      vertex 42.66454536130145 25.30350633663986 14.003194528759135
    endloop
  endfacet
  facet normal 0 0 1
    outer loop
      vertex 41 22.450000002980232 14.7
      vertex 41.489120764074414 23.28849274139351 14.7
      vertex 40.54175234875388 23.23556740511643 14.7
    endloop
  endfacet
  facet normal 0 0 1
    outer loop
      vertex 39.25 25.450000002980232 14.7
      vertex 39.52173416443327 24.98417000680891 14.7
      vertex 39.94527596494499 25.007831437628194 14.7
    endloop
  endfacet
  facet normal 0 0 1
    outer loop
      vertex 39.25 25.450000002980232 14.7
      vertex 39.94527596494499 25.007831437628194 14.7
      vertex 40.12533898305085 25.14406779661017 14.7
    endloop
  endfacet
  facet normal 0 0 1
    outer loop
      vertex 39.25 25.450000002980232 14.7
      vertex 40.12533898305085 25.14406779661017 14.7
      vertex 40.125338983050845 25.450000002980232 14.7
    endloop
  endfacet
  facet normal 0 1 0
    outer loop
      vertex 39.25 25.450000002980232 14.7
      vertex 40.125338983050845 25.450000002980232 14.7
      vertex 42.75 25.450000002980232 13.97974418604651
    endloop
  endfacet
  facet normal 0 0 -1
    outer loop
      vertex 39.25 -25.450000002980232 -14.7
      vertex 39.52173416443327 -24.98417000680891 -14.7
      vertex 39.94527596494499 -25.007831437628194 -14.7
    endloop
  endfacet
  facet normal 0 0 -1
    outer loop
      vertex 39.25 -25.450000002980232 -14.7
      vertex 40.12533898305085 -25.14406779661017 -14.7
      vertex 40.125338983050845 -25.450000002980232 -14.7
    endloop
  endfacet
  facet normal 0 0 -1
    outer loop
      vertex 39.25 -25.450000002980232 -14.7
      vertex 39.94527596494499 -25.007831437628194 -14.7
      vertex 40.12533898305085 -25.14406779661017 -14.7
    endloop
  endfacet
  facet normal 0.8637789008984291 0.5038710255240935 7.245851348506754e-14
    outer loop
      vertex 42.57785972940898 -25.154902396252773 -13.970359342179828
      vertex 42.75 -25.450000002980232 -13.97974418604651
      vertex 42.66454536130145 -25.30350633663986 -14.003194528759135
    endloop
  endfacet
  facet normal 0 0 -1
    outer loop
      vertex 41 -22.450000002980232 -14.7
      vertex 41.489120764074414 -23.28849274139351 -14.7
      vertex 40.54175234875388 -23.23556740511643 -14.7
    endloop
  endfacet
  facet normal -0.8637789008984352 0.5038710255240829 4.843945061853225e-19
    outer loop
      vertex 39.25 -25.450000002980232 -14.7
      vertex 39.52173416443327 -24.98417000680891 14.7
      vertex 39.52173416443327 -24.98417000680891 -14.7
    endloop
  endfacet
  facet normal 0 -1 0
    outer loop
      vertex 39.25 -25.450000002980232 -14.7
      vertex 40.125338983050845 -25.450000002980232 -14.7
      vertex 42.75 -25.450000002980232 13.97974418604651
    endloop
  endfacet
  facet normal 0 -1 0
    outer loop
      vertex 40.125338983050845 -25.450000002980232 -14.7
      vertex 42.75 -25.450000002980232 -13.97974418604651
      vertex 42.75 -25.450000002980232 13.97974418604651
    endloop
  endfacet
  facet normal 0.8637789008984282 0.5038710255240952 2.2220552736186826e-19
    outer loop
      vertex 42.57785972940898 -25.154902396252773 -13.970359342179828
      vertex 42.75 -25.450000002980232 13.97974418604651
      vertex 42.75 -25.450000002980232 -13.97974418604651
    endloop
  endfacet
  facet normal 0.8637789008984329 0.5038710255240871 -7.39552459413205e-19
    outer loop
      vertex 41 -22.450000002980232 -14.7
      vertex 41.489120764074414 -23.28849274139351 14.7
      vertex 41.489120764074414 -23.28849274139351 -14.7
    endloop
  endfacet
  facet normal -0.8637789008984322 0.5038710255240885 0
    outer loop
      vertex 41 -22.450000002980232 -14.7
      vertex 40.54175234875388 -23.23556740511643 -14.7
      vertex 41 -22.450000002980232 14.7
    endloop
  endfacet
  facet normal -0.8637789008984352 0.5038710255240829 0
    outer loop
      vertex 39.25 -25.450000002980232 -14.7
      vertex 39.25 -25.450000002980232 14.7
      vertex 39.52173416443327 -24.98417000680891 14.7
    endloop
  endfacet
  facet normal 0 -1 0
    outer loop
      vertex 39.25 -25.450000002980232 -14.7
      vertex 42.75 -25.450000002980232 13.97974418604651
      vertex 39.25 -25.450000002980232 14.7
    endloop
  endfacet
  facet normal 0.8637789008984221 0.5038710255241053 0
    outer loop
      vertex 42.57785972940898 -25.154902396252773 -13.970359342179828
      vertex 42.57785972940898 -25.154902396252773 13.970359342179828
      vertex 42.66454536130145 -25.30350633663986 14.003194528759135
    endloop
  endfacet
  facet normal 0.8637789008984342 0.5038710255240847 -1.4659949729590773e-16
    outer loop
      vertex 42.57785972940898 -25.154902396252773 -13.970359342179828
      vertex 42.66454536130145 -25.30350633663986 14.003194528759135
      vertex 42.75 -25.450000002980232 13.97974418604651
    endloop
  endfacet
  facet normal -0.8637789008984322 0.5038710255240885 0
    outer loop
      vertex 40.54175234875388 -23.23556740511643 -14.7
      vertex 40.54175234875388 -23.23556740511643 14.7
      vertex 41 -22.450000002980232 14.7
    endloop
  endfacet
  facet normal 0.8637789008984329 0.5038710255240871 0
    outer loop
      vertex 41 -22.450000002980232 -14.7
      vertex 41 -22.450000002980232 14.7
      vertex 41.489120764074414 -23.28849274139351 14.7
    endloop
  endfacet
  facet normal 0 0 1
    outer loop
      vertex 39.25 -25.450000002980232 14.7
      vertex 39.94527596494499 -25.007831437628194 14.7
      vertex 39.52173416443327 -24.98417000680891 14.7
    endloop
  endfacet
  facet normal 0 0 1
    outer loop
      vertex 39.25 -25.450000002980232 14.7
      vertex 40.125338983050845 -25.450000002980232 14.7
      vertex 40.12533898305085 -25.14406779661017 14.7
    endloop
  endfacet
  facet normal 0 0 1
    outer loop
      vertex 39.25 -25.450000002980232 14.7
      vertex 40.12533898305085 -25.14406779661017 14.7
      vertex 39.94527596494499 -25.007831437628194 14.7
    endloop
  endfacet
  facet normal 0 -1 0
    outer loop
      vertex 39.25 -25.450000002980232 14.7
      vertex 42.75 -25.450000002980232 13.97974418604651
      vertex 40.125338983050845 -25.450000002980232 14.7
    endloop
  endfacet
  facet normal 0 0 1
    outer loop
      vertex 41 -22.450000002980232 14.7
      vertex 40.54175234875388 -23.23556740511643 14.7
      vertex 41.489120764074414 -23.28849274139351 14.7
    endloop
  endfacet
  facet normal 0 0 -1
    outer loop
      vertex 54 21.977777779102325 -11.166666666666668
      vertex 52.86470546480295 23.92399698229726 -11.166666666666668
      vertex 55.21178172762056 24.05511788359472 -11.166666666666668
    endloop
  endfacet
  facet normal -0.863778900898433 -0.5038710255240867 0
    outer loop
      vertex 54 21.977777779102325 -11.166666666666668
      vertex 54 21.977777779102325 11.166666666666668
      vertex 52.86470546480295 23.92399698229726 -11.166666666666668
    endloop
  endfacet
  facet normal 0.8637789008984336 -0.5038710255240858 9.979124858597776e-19
    outer loop
      vertex 54 21.977777779102325 -11.166666666666668
      vertex 55.21178172762056 24.05511788359472 -11.166666666666668
      vertex 55.21178172762056 24.05511788359472 11.166666666666668
    endloop
  endfacet
  facet normal -0.863778900898433 -0.5038710255240867 0
    outer loop
      vertex 52.86470546480295 23.92399698229726 -11.166666666666668
      vertex 54 21.977777779102325 11.166666666666668
      vertex 52.86470546480295 23.92399698229726 11.166666666666668
    endloop
  endfacet
  facet normal 0.8637789008984336 -0.5038710255240858 0
    outer loop
      vertex 54 21.977777779102325 -11.166666666666668
      vertex 55.21178172762056 24.05511788359472 11.166666666666668
      vertex 54 21.977777779102325 11.166666666666668
    endloop
  endfacet
  facet normal 0 0 1
    outer loop
      vertex 54 21.977777779102325 11.166666666666668
      vertex 55.21178172762056 24.05511788359472 11.166666666666668
      vertex 52.86470546480295 23.92399698229726 11.166666666666668
    endloop
  endfacet
  facet normal 0 0 -1
    outer loop
      vertex 54 -21.977777779102325 -11.166666666666668
      vertex 55.21178172762056 -24.05511788359472 -11.166666666666668
      vertex 52.86470546480295 -23.92399698229726 -11.166666666666668
    endloop
  endfacet
  facet normal -0.863778900898433 0.5038710255240867 0
    outer loop
      vertex 54 -21.977777779102325 -11.166666666666668
      vertex 52.86470546480295 -23.92399698229726 -11.166666666666668
      vertex 54 -21.977777779102325 11.166666666666668
    endloop
  endfacet
  facet normal 0.8637789008984336 0.5038710255240858 -9.979124858597776e-19
    outer loop
      vertex 54 -21.977777779102325 -11.166666666666668
      vertex 55.21178172762056 -24.05511788359472 11.166666666666668
      vertex 55.21178172762056 -24.05511788359472 -11.166666666666668
    endloop
  endfacet
  facet normal -0.863778900898433 0.5038710255240867 0
    outer loop
      vertex 52.86470546480295 -23.92399698229726 -11.166666666666668
      vertex 52.86470546480295 -23.92399698229726 11.166666666666668
      vertex 54 -21.977777779102325 11.166666666666668
    endloop
  endfacet
  facet normal 0.8637789008984336 0.5038710255240858 0
    outer loop
      vertex 54 -21.977777779102325 -11.166666666666668
      vertex 54 -21.977777779102325 11.166666666666668
      vertex 55.21178172762056 -24.05511788359472 11.166666666666668
    endloop
  endfacet
  facet normal 0 0 1
    outer loop
      vertex 54 -21.977777779102325 11.166666666666668
      vertex 52.86470546480295 -23.92399698229726 11.166666666666668
      vertex 55.21178172762056 -24.05511788359472 11.166666666666668
    endloop
  endfacet
  facet normal 0 0 -1
    outer loop
      vertex 67 22.128571428358555 -17.985714285714288
      vertex 65.59455823281203 24.537900172109346 -17.985714285714288
      vertex 68.51495671008573 24.725640074219797 -17.985714285714288
    endloop
  endfacet
  facet normal -0.8637789008984327 -0.5038710255240875 -1.55567874100144e-17
    outer loop
      vertex 67 22.128571428358555 -17.985714285714288
      vertex 65.59455823281203 24.537900172109346 -15.477204392603545
      vertex 65.59455823281203 24.537900172109346 -17.985714285714288
    endloop
  endfacet
  facet normal 0.8637789008984331 -0.5038710255240867 -8.609728914365799e-19
    outer loop
      vertex 67 22.128571428358555 -17.985714285714288
      vertex 68.51495671008573 24.725640074219797 -17.985714285714288
      vertex 68.51495671008573 24.725640074219797 6.926630665148388
    endloop
  endfacet
  facet normal -0.8637789008984327 -0.5038710255240875 0
    outer loop
      vertex 67 22.128571428358555 -17.985714285714288
      vertex 67 22.128571428358555 17.985714285714288
      vertex 65.59455823281203 24.537900172109346 -15.477204392603545
    endloop
  endfacet
  facet normal 0.8637789008984331 -0.5038710255240867 0
    outer loop
      vertex 67 22.128571428358555 -17.985714285714288
      vertex 68.51495671008573 24.725640074219797 6.926630665148388
      vertex 67 22.128571428358555 17.985714285714288
    endloop
  endfacet
  facet normal -0.8637789008984328 -0.5038710255240875 -1.16619699250345e-18
    outer loop
      vertex 67 22.128571428358555 17.985714285714288
      vertex 65.59455823281203 24.537900172109346 17.985714285714288
      vertex 65.59455823281203 24.537900172109346 -15.477204392603545
    endloop
  endfacet
  facet normal 0.8637789008984331 -0.5038710255240868 -1.9394783872438222e-18
    outer loop
      vertex 67 22.128571428358555 17.985714285714288
      vertex 68.51495671008573 24.725640074219797 6.926630665148388
      vertex 68.51495671008573 24.725640074219797 17.985714285714288
    endloop
  endfacet
  facet normal 0 0 1
    outer loop
      vertex 67 22.128571428358555 17.985714285714288
      vertex 68.51495671008573 24.725640074219797 17.985714285714288
      vertex 65.59455823281203 24.537900172109346 17.985714285714288
    endloop
  endfacet
  facet normal 0 0 -1
    outer loop
      vertex 67 -22.128571428358555 -17.985714285714288
      vertex 68.51495671008573 -24.725640074219797 -17.985714285714288
      vertex 65.59455823281203 -24.537900172109346 -17.985714285714288
    endloop
  endfacet
  facet normal -0.8637789008984327 0.5038710255240875 1.55567874100144e-17
    outer loop
      vertex 67 -22.128571428358555 -17.985714285714288
      vertex 65.59455823281203 -24.537900172109346 -17.985714285714288
      vertex 65.59455823281203 -24.537900172109346 -15.477204392603545
    endloop
  endfacet
  facet normal 0.8637789008984331 0.5038710255240867 8.609728914365799e-19
    outer loop
      vertex 67 -22.128571428358555 -17.985714285714288
      vertex 68.51495671008573 -24.725640074219797 6.926630665148388
      vertex 68.51495671008573 -24.725640074219797 -17.985714285714288
    endloop
  endfacet
  facet normal -0.8637789008984327 0.5038710255240875 0
    outer loop
      vertex 67 -22.128571428358555 -17.985714285714288
      vertex 65.59455823281203 -24.537900172109346 -15.477204392603545
      vertex 67 -22.128571428358555 17.985714285714288
    endloop
  endfacet
  facet normal 0.8637789008984331 0.5038710255240867 0
    outer loop
      vertex 67 -22.128571428358555 -17.985714285714288
      vertex 67 -22.128571428358555 17.985714285714288
      vertex 68.51495671008573 -24.725640074219797 6.926630665148388
    endloop
  endfacet
  facet normal -0.8637789008984328 0.5038710255240875 1.16619699250345e-18
    outer loop
      vertex 67 -22.128571428358555 17.985714285714288
      vertex 65.59455823281203 -24.537900172109346 -15.477204392603545
      vertex 65.59455823281203 -24.537900172109346 17.985714285714288
    endloop
  endfacet
  facet normal 0.8637789008984331 0.5038710255240868 1.9394783872438222e-18
    outer loop
      vertex 67 -22.128571428358555 17.985714285714288
      vertex 68.51495671008573 -24.725640074219797 17.985714285714288
      vertex 68.51495671008573 -24.725640074219797 6.926630665148388
    endloop
  endfacet
  facet normal 0 0 1
    outer loop
      vertex 67 -22.128571428358555 17.985714285714288
      vertex 65.59455823281203 -24.537900172109346 17.985714285714288
      vertex 68.51495671008573 -24.725640074219797 17.985714285714288
    endloop
  endfacet
  facet normal 0 0 -1
    outer loop
      vertex 80 22.96428571641445 -14.642857142857142
      vertex 78.59455823412861 25.373614457908268 -14.642857142857142
      vertex 81.51495670866656 25.561354359842852 -14.642857142857142
    endloop
  endfacet
  facet normal -0.8637789008984343 -0.5038710255240848 0
    outer loop
      vertex 80 22.96428571641445 -14.642857142857142
      vertex 80 22.96428571641445 14.642857142857142
      vertex 78.59455823412861 25.373614457908268 -14.642857142857142
    endloop
  endfacet
  facet normal 0.8637789008984346 -0.5038710255240844 -1.9857444615879362e-18
    outer loop
      vertex 80 22.96428571641445 -14.642857142857142
      vertex 81.51495670866656 25.561354359842852 -14.642857142857142
      vertex 81.51495670866656 25.561354359842852 14.642857142857142
    endloop
  endfacet
  facet normal 0.8637789008984346 -0.5038710255240844 0
    outer loop
      vertex 80 22.96428571641445 -14.642857142857142
      vertex 81.51495670866656 25.561354359842852 14.642857142857142
      vertex 80 22.96428571641445 14.642857142857142
    endloop
  endfacet
  facet normal -0.8637789008984343 -0.5038710255240848 3.6715398759336453e-19
    outer loop
      vertex 80 22.96428571641445 14.642857142857142
      vertex 78.59455823412861 25.373614457908268 14.642857142857142
      vertex 78.59455823412861 25.373614457908268 -14.642857142857142
    endloop
  endfacet
  facet normal 0 0 1
    outer loop
      vertex 80 22.96428571641445 14.642857142857142
      vertex 81.51495670866656 25.561354359842852 14.642857142857142
      vertex 78.59455823412861 25.373614457908268 14.642857142857142
    endloop
  endfacet
  facet normal 0 0 -1
    outer loop
      vertex 80 -22.96428571641445 -14.642857142857142
      vertex 81.51495670866656 -25.561354359842852 -14.642857142857142
      vertex 78.59455823412861 -25.373614457908268 -14.642857142857142
    endloop
  endfacet
  facet normal 0.8637789008984346 0.5038710255240844 1.9857444615879362e-18
    outer loop
      vertex 80 -22.96428571641445 -14.642857142857142
      vertex 81.51495670866656 -25.561354359842852 14.642857142857142
      vertex 81.51495670866656 -25.561354359842852 -14.642857142857142
    endloop
  endfacet
  facet normal -0.8637789008984343 0.5038710255240848 0
    outer loop
      vertex 80 -22.96428571641445 -14.642857142857142
      vertex 78.59455823412861 -25.373614457908268 -14.642857142857142
      vertex 80 -22.96428571641445 14.642857142857142
    endloop
  endfacet
  facet normal -0.8637789008984343 0.5038710255240848 -3.6715398759336453e-19
    outer loop
      vertex 80 -22.96428571641445 14.642857142857142
      vertex 78.59455823412861 -25.373614457908268 -14.642857142857142
      vertex 78.59455823412861 -25.373614457908268 14.642857142857142
    endloop
  endfacet
  facet normal 0.8637789008984346 0.5038710255240844 0
    outer loop
      vertex 80 -22.96428571641445 -14.642857142857142
      vertex 80 -22.96428571641445 14.642857142857142
      vertex 81.51495670866656 -25.561354359842852 14.642857142857142
    endloop
  endfacet
  facet normal 0 0 1
    outer loop
      vertex 80 -22.96428571641445 14.642857142857142
      vertex 78.59455823412861 -25.373614457908268 14.642857142857142
      vertex 81.51495670866656 -25.561354359842852 14.642857142857142
    endloop
  endfacet
  facet normal 0 0 -1
    outer loop
      vertex 93 23.799999997019768 -11.3
      vertex 91.59455823125609 26.209328743437894 -11.3
      vertex 94.5149567117629 26.39706864575619 -11.3
    endloop
  endfacet
  facet normal -0.8637789008984326 -0.5038710255240878 0
    outer loop
      vertex 93 23.799999997019768 -11.3
      vertex 93 23.799999997019768 11.3
      vertex 91.59455823125609 26.209328743437894 -11.3
    endloop
  endfacet
  facet normal 0.8637789008984343 -0.5038710255240846 -7.953881748827674e-17
    outer loop
      vertex 93 23.799999997019768 -11.3
      vertex 94.5149567117629 26.39706864575619 -11.3
      vertex 94.5149567117629 26.397068645756185 11.3
    endloop
  endfacet
  facet normal -0.8637789008984326 -0.5038710255240878 2.145934102744177e-18
    outer loop
      vertex 93 23.799999997019768 11.3
      vertex 91.59455823125609 26.209328743437894 11.3
      vertex 91.59455823125609 26.209328743437894 -11.3
    endloop
  endfacet
  facet normal 0.863778900898434 -0.5038710255240851 0
    outer loop
      vertex 93 23.799999997019768 -11.3
      vertex 94.5149567117629 26.397068645756185 11.3
      vertex 93 23.799999997019768 11.3
    endloop
  endfacet
  facet normal 0 0 1
    outer loop
      vertex 93 23.799999997019768 11.3
      vertex 94.5149567117629 26.397068645756185 11.3
      vertex 91.59455823125609 26.209328743437894 11.3
    endloop
  endfacet
  facet normal 0 0 -1
    outer loop
      vertex 93 -23.799999997019768 -11.3
      vertex 94.5149567117629 -26.39706864575619 -11.3
      vertex 91.59455823125609 -26.209328743437894 -11.3
    endloop
  endfacet
  facet normal -0.8637789008984326 0.5038710255240878 0
    outer loop
      vertex 93 -23.799999997019768 -11.3
      vertex 91.59455823125609 -26.209328743437894 -11.3
      vertex 93 -23.799999997019768 11.3
    endloop
  endfacet
  facet normal 0.8637789008984343 0.5038710255240846 -7.809595052786012e-17
    outer loop
      vertex 93 -23.799999997019768 -11.3
      vertex 94.5149567117629 -26.397068645756185 11.3
      vertex 94.5149567117629 -26.39706864575619 -11.3
    endloop
  endfacet
  facet normal -0.8637789008984326 0.5038710255240878 -2.145934102744177e-18
    outer loop
      vertex 93 -23.799999997019768 11.3
      vertex 91.59455823125609 -26.209328743437894 -11.3
      vertex 91.59455823125609 -26.209328743437894 11.3
    endloop
  endfacet
  facet normal 0.863778900898434 0.5038710255240851 0
    outer loop
      vertex 93 -23.799999997019768 -11.3
      vertex 93 -23.799999997019768 11.3
      vertex 94.5149567117629 -26.397068645756185 11.3
    endloop
  endfacet
  facet normal 0 0 1
    outer loop
      vertex 93 -23.799999997019768 11.3
      vertex 91.59455823125609 -26.209328743437894 11.3
      vertex 94.5149567117629 -26.397068645756185 11.3
    endloop
  endfacet
  facet normal 0 0 -1
    outer loop
      vertex 106 24.635714285075665 -7.957142857142857
      vertex 104.59455823257267 27.045043029236815 -7.957142857142857
      vertex 107.51495671034375 27.23278293137924 -7.957142857142857
    endloop
  endfacet
  facet normal -0.8637789008984341 -0.5038710255240851 0
    outer loop
      vertex 106 24.635714285075665 -7.957142857142857
      vertex 106 24.635714285075665 7.957142857142857
      vertex 104.59455823257267 27.045043029236815 -7.957142857142857
    endloop
  endfacet
  facet normal 0.8637789008984333 -0.5038710255240862 -3.071123780602529e-18
    outer loop
      vertex 106 24.635714285075665 -7.957142857142857
      vertex 107.51495671034375 27.23278293137924 -7.957142857142857
      vertex 107.51495671034375 27.23278293137924 7.957142857142857
    endloop
  endfacet
  facet normal -0.8637789008984341 -0.5038710255240851 -3.670883896054981e-18
    outer loop
      vertex 106 24.635714285075665 7.957142857142857
      vertex 104.59455823257267 27.045043029236815 7.957142857142857
      vertex 104.59455823257267 27.045043029236815 -7.957142857142857
    endloop
  endfacet
  facet normal 0.8637789008984333 -0.5038710255240862 0
    outer loop
      vertex 106 24.635714285075665 -7.957142857142857
      vertex 107.51495671034375 27.23278293137924 7.957142857142857
      vertex 106 24.635714285075665 7.957142857142857
    endloop
  endfacet
  facet normal 0 0 1
    outer loop
      vertex 106 24.635714285075665 7.957142857142857
      vertex 107.51495671034375 27.23278293137924 7.957142857142857
      vertex 104.59455823257267 27.045043029236815 7.957142857142857
    endloop
  endfacet
  facet normal 0 0 -1
    outer loop
      vertex 106 -24.635714285075665 -7.957142857142857
      vertex 107.51495671034375 -27.23278293137924 -7.957142857142857
      vertex 104.59455823257267 -27.045043029236815 -7.957142857142857
    endloop
  endfacet
  facet normal -0.8637789008984341 0.5038710255240851 0
    outer loop
      vertex 106 -24.635714285075665 -7.957142857142857
      vertex 104.59455823257267 -27.045043029236815 -7.957142857142857
      vertex 106 -24.635714285075665 7.957142857142857
    endloop
  endfacet
  facet normal 0.8637789008984333 0.5038710255240862 3.071123780602529e-18
    outer loop
      vertex 106 -24.635714285075665 -7.957142857142857
      vertex 107.51495671034375 -27.23278293137924 7.957142857142857
      vertex 107.51495671034375 -27.23278293137924 -7.957142857142857
    endloop
  endfacet
  facet normal -0.8637789008984341 0.5038710255240851 3.670883896054981e-18
    outer loop
      vertex 106 -24.635714285075665 7.957142857142857
      vertex 104.59455823257267 -27.045043029236815 -7.957142857142857
      vertex 104.59455823257267 -27.045043029236815 7.957142857142857
    endloop
  endfacet
  facet normal 0.8637789008984333 0.5038710255240862 0
    outer loop
      vertex 106 -24.635714285075665 -7.957142857142857
      vertex 106 -24.635714285075665 7.957142857142857
      vertex 107.51495671034375 -27.23278293137924 7.957142857142857
    endloop
  endfacet
  facet normal 0 0 1
    outer loop
      vertex 106 -24.635714285075665 7.957142857142857
      vertex 104.59455823257267 -27.045043029236815 7.957142857142857
      vertex 107.51495671034375 -27.23278293137924 7.957142857142857
    endloop
  endfacet
  facet normal 0 0 -1
    outer loop
      vertex 119 25.47142857313156 -4.614285714285714
      vertex 117.59455823388923 27.880757315035737 -4.614285714285714
      vertex 120.5149567089246 28.068497217002296 -4.614285714285714
    endloop
  endfacet
  facet normal -0.8637789008984335 -0.5038710255240862 0
    outer loop
      vertex 119 25.47142857313156 -4.614285714285714
      vertex 119 25.47142857313156 4.614285714285714
      vertex 117.59455823388923 27.880757315035737 -4.614285714285714
    endloop
  endfacet
  facet normal 0.8637789008984327 -0.5038710255240875 -7.618930472249856e-18
    outer loop
      vertex 119 25.47142857313156 -4.614285714285714
      vertex 120.5149567089246 28.068497217002296 -4.614285714285714
      vertex 120.5149567089246 28.068497217002296 4.614285714285714
    endloop
  endfacet
  facet normal 0.8637789008984327 -0.5038710255240875 0
    outer loop
      vertex 119 25.47142857313156 -4.614285714285714
      vertex 120.5149567089246 28.068497217002296 4.614285714285714
      vertex 119 25.47142857313156 4.614285714285714
    endloop
  endfacet
  facet normal -0.8637789008984335 -0.5038710255240862 -2.594220760048269e-18
    outer loop
      vertex 119 25.47142857313156 4.614285714285714
      vertex 117.59455823388923 27.880757315035737 4.614285714285714
      vertex 117.59455823388923 27.880757315035737 -4.614285714285714
    endloop
  endfacet
  facet normal 0 0 1
    outer loop
      vertex 119 25.47142857313156 4.614285714285714
      vertex 120.5149567089246 28.068497217002296 4.614285714285714
      vertex 117.59455823388923 27.880757315035737 4.614285714285714
    endloop
  endfacet
  facet normal 0 0 -1
    outer loop
      vertex 119 -25.47142857313156 -4.614285714285714
      vertex 120.5149567089246 -28.068497217002296 -4.614285714285714
      vertex 117.59455823388923 -27.880757315035737 -4.614285714285714
    endloop
  endfacet
  facet normal 0.8637789008984327 0.5038710255240875 7.618930472249856e-18
    outer loop
      vertex 119 -25.47142857313156 -4.614285714285714
      vertex 120.5149567089246 -28.068497217002296 4.614285714285714
      vertex 120.5149567089246 -28.068497217002296 -4.614285714285714
    endloop
  endfacet
  facet normal -0.8637789008984335 0.5038710255240862 0
    outer loop
      vertex 119 -25.47142857313156 -4.614285714285714
      vertex 117.59455823388923 -27.880757315035737 -4.614285714285714
      vertex 119 -25.47142857313156 4.614285714285714
    endloop
  endfacet
  facet normal -0.8637789008984335 0.5038710255240862 2.594220760048269e-18
    outer loop
      vertex 119 -25.47142857313156 4.614285714285714
      vertex 117.59455823388923 -27.880757315035737 -4.614285714285714
      vertex 117.59455823388923 -27.880757315035737 4.614285714285714
    endloop
  endfacet
  facet normal 0.8637789008984327 0.5038710255240875 0
    outer loop
      vertex 119 -25.47142857313156 -4.614285714285714
      vertex 119 -25.47142857313156 4.614285714285714
      vertex 120.5149567089246 -28.068497217002296 4.614285714285714
    endloop
  endfacet
  facet normal 0 0 1
    outer loop
      vertex 119 -25.47142857313156 4.614285714285714
      vertex 117.59455823388923 -27.880757315035737 4.614285714285714
      vertex 120.5149567089246 -28.068497217002296 4.614285714285714
    endloop
  endfacet
  facet normal -0.8637789008984336 -0.5038710255240859 0
    outer loop
      vertex 132 26.307142853736877 -1.2714285714285722
      vertex 132 26.307142853736877 1.2714285714285722
      vertex 130.59455823101672 28.71647160056536 -1.2714285714285722
    endloop
  endfacet
  facet normal 0 0 -1
    outer loop
      vertex 132 26.307142853736877 -1.2714285714285722
      vertex 130.59455823101672 28.71647160056536 -1.2714285714285722
      vertex 133.51495671202093 28.904211502915633 -1.2714285714285722
    endloop
  endfacet
  facet normal 0.8637789008984345 -0.5038710255240841 -1.3528163690423556e-17
    outer loop
      vertex 132 26.307142853736877 -1.2714285714285722
      vertex 133.51495671202093 28.904211502915633 -1.2714285714285722
      vertex 133.51495671202093 28.904211502915633 1.2714285714285722
    endloop
  endfacet
  facet normal -0.8637789008984336 -0.5038710255240859 2.6513012238037667e-17
    outer loop
      vertex 132 26.307142853736877 1.2714285714285722
      vertex 130.59455823101672 28.71647160056536 1.2714285714285722
      vertex 130.59455823101672 28.71647160056536 -1.2714285714285722
    endloop
  endfacet
  facet normal 0.8637789008984345 -0.5038710255240841 0
    outer loop
      vertex 132 26.307142853736877 -1.2714285714285722
      vertex 133.51495671202093 28.904211502915633 1.2714285714285722
      vertex 132 26.307142853736877 1.2714285714285722
    endloop
  endfacet
  facet normal 0 0 1
    outer loop
      vertex 132 26.307142853736877 1.2714285714285722
      vertex 133.51495671202093 28.904211502915633 1.2714285714285722
      vertex 130.59455823101672 28.71647160056536 1.2714285714285722
    endloop
  endfacet
  facet normal 0 0 -1
    outer loop
      vertex 132 -26.307142853736877 -1.2714285714285722
      vertex 133.51495671202093 -28.904211502915633 -1.2714285714285722
      vertex 130.59455823101672 -28.71647160056536 -1.2714285714285722
    endloop
  endfacet
  facet normal 0.8637789008984345 0.5038710255240841 1.3528163690423556e-17
    outer loop
      vertex 132 -26.307142853736877 -1.2714285714285722
      vertex 133.51495671202093 -28.904211502915633 1.2714285714285722
      vertex 133.51495671202093 -28.904211502915633 -1.2714285714285722
    endloop
  endfacet
  facet normal -0.8637789008984336 0.5038710255240859 0
    outer loop
      vertex 132 -26.307142853736877 -1.2714285714285722
      vertex 130.59455823101672 -28.71647160056536 -1.2714285714285722
      vertex 132 -26.307142853736877 1.2714285714285722
    endloop
  endfacet
  facet normal -0.8637789008984336 0.5038710255240859 -2.6513012238037667e-17
    outer loop
      vertex 132 -26.307142853736877 1.2714285714285722
      vertex 130.59455823101672 -28.71647160056536 -1.2714285714285722
      vertex 130.59455823101672 -28.71647160056536 1.2714285714285722
    endloop
  endfacet
  facet normal 0 0 1
    outer loop
      vertex 132 -26.307142853736877 1.2714285714285722
      vertex 130.59455823101672 -28.71647160056536 1.2714285714285722
      vertex 133.51495671202093 -28.904211502915633 1.2714285714285722
    endloop
  endfacet
  facet normal 0.8637789008984345 0.5038710255240841 0
    outer loop
      vertex 132 -26.307142853736877 -1.2714285714285722
      vertex 132 -26.307142853736877 1.2714285714285722
      vertex 133.51495671202093 -28.904211502915633 1.2714285714285722
    endloop
  endfacet
endsolid OpenSCAD_Model
