solid OpenSCAD_Model
  facet normal -1 0 0
    outer loop
      vertex 21.995 22.2 -21.5
      vertex 21.995 24.326297491730646 -18.47606139535682
      vertex 21.995 25.204022321117478 -19.353786224743654
    endloop
  endfacet
  facet normal -1 0 0
    outer loop
      vertex 21.995 22.2 -21.5
      vertex 21.995 24.325849081873894 -18.47438790698384
      vertex 21.995 24.326297491730646 -18.47606139535682
    endloop
  endfacet
  facet normal -1 0 0
    outer loop
      vertex 21.995 22.2 -21.5
      vertex 21.995 24.00502790697231 -17.277066973777703
      vertex 21.995 24.325849081873894 -18.47438790698384
    endloop
  endfacet
  facet normal 0.05577865915091116 -0.9984431587142688 -9.68461665478767e-17
    outer loop
      vertex 22.005 22.2 -21.5
      vertex 28.804931441935636 22.579882474869894 -18.3
      vertex 27.245875518331015 22.492784828698493 -18.3
    endloop
  endfacet
  facet normal -1 0 0
    outer loop
      vertex 21.995 22.2 -21.5
      vertex 21.995 25.205902321127265 -19.354436280304608
      vertex 21.995 26.403390696194283 -19.675302321117282
    endloop
  endfacet
  facet normal -1 0 0
    outer loop
      vertex 21.995 22.2 -21.5
      vertex 21.995 25.204022321117478 -19.353786224743654
      vertex 21.995 25.204520925785914 -19.354066136536556
    endloop
  endfacet
  facet normal -1 0 0
    outer loop
      vertex 21.995 22.2 -21.5
      vertex 21.995 25.204520925785914 -19.354066136536556
      vertex 21.995 25.205902321127265 -19.354436280304608
    endloop
  endfacet
  facet normal 0 0 -1
    outer loop
      vertex 21.995 22.2 -21.5
      vertex 22.005 37.8 -21.5
      vertex 22.005 22.2 -21.5
    endloop
  endfacet
  facet normal -1 0 0
    outer loop
      vertex 21.995 22.2 -21.5
      vertex 21.995 26.403390696194283 -19.675302321117282
      vertex 21.995 33.596609303805714 -19.675302321117282
    endloop
  endfacet
  facet normal -1 0 0
    outer loop
      vertex 21.995 22.2 -21.5
      vertex 21.995 33.596609303805714 -19.675302321117282
      vertex 21.995 37.8 -21.5
    endloop
  endfacet
  facet normal 0 0 -1
    outer loop
      vertex 21.995 22.2 -21.5
      vertex 21.995 37.8 -21.5
      vertex 22.005 37.8 -21.5
    endloop
  endfacet
  facet normal -1 0 0
    outer loop
      vertex 21.995 33.596609303805714 -19.675302321117282
      vertex 21.995 34.79409767887273 -19.354436280304608
      vertex 21.995 37.8 -21.5
    endloop
  endfacet
  facet normal -1 0 0
    outer loop
      vertex 21.995 34.79597767888252 -19.353786224743654
      vertex 21.995 37.8 -21.5
      vertex 21.995 34.795479074214086 -19.354066136536556
    endloop
  endfacet
  facet normal -1 0 0
    outer loop
      vertex 21.995 34.79409767887273 -19.354436280304608
      vertex 21.995 34.795479074214086 -19.354066136536556
      vertex 21.995 37.8 -21.5
    endloop
  endfacet
  facet normal -1 0 0
    outer loop
      vertex 21.995 34.79597767888252 -19.353786224743654
      vertex 21.995 35.67370250826936 -18.47606139535682
      vertex 21.995 37.8 -21.5
    endloop
  endfacet
  facet normal -1 0 0
    outer loop
      vertex 21.995 35.67370250826936 -18.47606139535682
      vertex 21.995 35.6741509181261 -18.47438790698384
      vertex 21.995 37.8 -21.5
    endloop
  endfacet
  facet normal -1 0 0
    outer loop
      vertex 21.995 35.6741509181261 -18.47438790698384
      vertex 21.995 35.99497209302769 -17.277066973777703
      vertex 21.995 37.8 -21.5
    endloop
  endfacet
  facet normal 0 1 0
    outer loop
      vertex 21.995 37.8 -21.5
      vertex 22.005 37.8 -12.9
      vertex 22.005 37.8 -21.5
    endloop
  endfacet
  facet normal -1 0 0
    outer loop
      vertex 21.995 35.99497209302769 -17.277066973777703
      vertex 21.995 37.2 -12.9
      vertex 21.995 37.8 -21.5
    endloop
  endfacet
  facet normal -1 0 0
    outer loop
      vertex 21.995 37.8 -21.5
      vertex 21.995 37.2 -12.9
      vertex 21.995 37.8 -12.9
    endloop
  endfacet
  facet normal 0 1 0
    outer loop
      vertex 21.995 37.8 -21.5
      vertex 21.995 37.8 -12.9
      vertex 22.005 37.8 -12.9
    endloop
  endfacet
  facet normal 0.05577865915091078 0.9984431587142688 0
    outer loop
      vertex 22.005 37.8 -21.5
      vertex 22.005 37.8 -12.9
      vertex 62.3175 35.547916666666666 -6.262499999999999
    endloop
  endfacet
  facet normal 0.055778659150910494 -0.9984431587142688 1.3630162873157054e-15
    outer loop
      vertex 22.005 22.2 -21.5
      vertex 62.3175 24.452083333333334 -10.327083333333336
      vertex 28.804931441935636 22.579882474869894 -18.3
    endloop
  endfacet
  facet normal 0.26463519589618695 0 -0.9643485952149184
    outer loop
      vertex 22.005 22.2 -21.5
      vertex 22.005 37.8 -21.5
      vertex 64.995 24.899372093023256 -9.70274418604651
    endloop
  endfacet
  facet normal 0.05577865915091189 -0.9984431587142688 -4.434006266223529e-15
    outer loop
      vertex 28.804931441935636 22.579882474869894 -18.3
      vertex 41.489120764074414 23.28849274139351 -14.7
      vertex 40.54175234875388 23.23556740511643 -14.7
    endloop
  endfacet
  facet normal 0.055778659150911104 -0.9984431587142687 -1.3251541775730435e-15
    outer loop
      vertex 28.804931441935636 22.579882474869894 -18.3
      vertex 62.3175 24.452083333333334 -10.327083333333336
      vertex 41.489120764074414 23.28849274139351 -14.7
    endloop
  endfacet
  facet normal 0.26809095653163817 -0.35433468070266283 -0.8958650417765466
    outer loop
      vertex 22.005 22.2 -21.5
      vertex 64.995 24.899372093023256 -9.70274418604651
      vertex 62.3175 24.452083333333334 -10.327083333333336
    endloop
  endfacet
  facet normal 0.05577865915090997 -0.9984431587142687 2.6670783662712622e-15
    outer loop
      vertex 41.489120764074414 23.28849274139351 -14.7
      vertex 55.21178172762056 24.05511788359472 -11.166666666666668
      vertex 52.86470546480295 23.92399698229726 -11.166666666666668
    endloop
  endfacet
  facet normal 0.26809095653163817 0.35433468070265794 -0.8958650417765484
    outer loop
      vertex 22.005 37.8 -21.5
      vertex 62.3175 35.547916666666666 -10.327083333333336
      vertex 64.995 35.10062790697674 -9.70274418604651
    endloop
  endfacet
  facet normal 0.055778659150910764 0.9984431587142688 3.2472748484571545e-17
    outer loop
      vertex 22.005 37.8 -21.5
      vertex 62.3175 35.547916666666666 -6.262499999999999
      vertex 62.3175 35.547916666666666 -10.327083333333336
    endloop
  endfacet
  facet normal 0 -1 0
    outer loop
      vertex 21.995 22.2 -21.5
      vertex 22.005 22.2 -21.5
      vertex 21.995 22.2 21.5
    endloop
  endfacet
  facet normal 0.055778659150911125 -0.9984431587142688 -9.842077695414654e-20
    outer loop
      vertex 22.005 22.2 -21.5
      vertex 27.245875518331015 22.492784828698493 -18.3
      vertex 27.245875518331015 22.492784828698493 18.3
    endloop
  endfacet
  facet normal -1 0 0
    outer loop
      vertex 21.995 22.2 -21.5
      vertex 21.995 22.2 21.5
      vertex 21.995 24.00502790697231 -17.277066973777703
    endloop
  endfacet
  facet normal -1 0 0
    outer loop
      vertex 21.995 35.99497209302769 -17.277066973777703
      vertex 21.995 37.2 12.9
      vertex 21.995 37.2 -12.9
    endloop
  endfacet
  facet normal 0.05577865915091065 -0.9984431587142688 5.379484067207275e-19
    outer loop
      vertex 28.804931441935636 22.579882474869894 -18.3
      vertex 40.54175234875388 23.23556740511643 -14.7
      vertex 40.54175234875388 23.23556740511643 14.7
    endloop
  endfacet
  facet normal 0.05577865915091085 -0.9984431587142688 8.011889982570026e-19
    outer loop
      vertex 41.489120764074414 23.28849274139351 -14.7
      vertex 52.86470546480295 23.92399698229726 -11.166666666666668
      vertex 52.86470546480295 23.92399698229726 11.166666666666668
    endloop
  endfacet
  facet normal 0.05577865915091146 -0.9984431587142687 -3.144138367849572e-15
    outer loop
      vertex 41.489120764074414 23.28849274139351 -14.7
      vertex 62.3175 24.452083333333334 -10.327083333333336
      vertex 55.21178172762056 24.05511788359472 -11.166666666666668
    endloop
  endfacet
  facet normal 0.2646351958961869 -5.776357956200402e-17 -0.9643485952149186
    outer loop
      vertex 22.005 37.8 -21.5
      vertex 64.995 35.10062790697674 -9.70274418604651
      vertex 64.995 24.899372093023256 -9.70274418604651
    endloop
  endfacet
  facet normal 0.26809095653164644 -0.35433468070290586 -0.895865041776448
    outer loop
      vertex 62.3175 24.452083333333334 -10.327083333333336
      vertex 64.995 24.899372093023256 -9.70274418604651
      vertex 64.995 24.898333333333333 -9.702333333333332
    endloop
  endfacet
  facet normal 0.05577865915091113 -0.9984431587142688 7.993874429292552e-19
    outer loop
      vertex 55.21178172762056 24.05511788359472 -11.166666666666668
      vertex 62.3175 24.452083333333334 -10.327083333333336
      vertex 62.3175 24.452083333333334 10.327083333333336
    endloop
  endfacet
  facet normal 0.16439898730535685 -0.9863939238321436 8.363664733003734e-19
    outer loop
      vertex 62.3175 24.452083333333334 -10.327083333333336
      vertex 64.995 24.898333333333333 -9.702333333333332
      vertex 64.995 24.898333333333333 9.702333333333332
    endloop
  endfacet
  facet normal 0.26809095653158366 0.3543346807018534 -0.8958650417768829
    outer loop
      vertex 62.3175 35.547916666666666 -10.327083333333336
      vertex 64.995 35.10166666666667 -9.702333333333332
      vertex 64.995 35.10062790697674 -9.70274418604651
    endloop
  endfacet
  facet normal 0.16439898730535688 0.9863939238321437 0
    outer loop
      vertex 62.3175 35.547916666666666 -10.327083333333336
      vertex 62.3175 35.547916666666666 -6.262499999999999
      vertex 64.995 35.10166666666667 -9.702333333333332
    endloop
  endfacet
  facet normal 0.16439898730535685 0.9863939238321439 -4.182098007701908e-18
    outer loop
      vertex 62.3175 35.547916666666666 -6.262499999999999
      vertex 64.995 35.10166666666667 -5.821646511627906
      vertex 64.995 35.10166666666667 -9.702333333333332
    endloop
  endfacet
  facet normal 0.05577865915091065 -0.9984431587142688 0
    outer loop
      vertex 28.804931441935636 22.579882474869894 -18.3
      vertex 40.54175234875388 23.23556740511643 14.7
      vertex 28.804931441935636 22.579882474869894 18.3
    endloop
  endfacet
  facet normal 0.055778659150911125 -0.9984431587142687 0
    outer loop
      vertex 22.005 22.2 -21.5
      vertex 27.245875518331015 22.492784828698493 18.3
      vertex 22.005 22.2 21.5
    endloop
  endfacet
  facet normal 0 -1 0
    outer loop
      vertex 22.005 22.2 -21.5
      vertex 22.005 22.2 21.5
      vertex 21.995 22.2 21.5
    endloop
  endfacet
  facet normal -1 0 0
    outer loop
      vertex 21.995 24.00502790697231 -17.277066973777703
      vertex 21.995 22.2 21.5
      vertex 21.995 24.00502790697231 17.277066973777703
    endloop
  endfacet
  facet normal -1 0 0
    outer loop
      vertex 21.995 35.99497209302769 -17.277066973777703
      vertex 21.995 35.99497209302769 17.277066973777703
      vertex 21.995 37.2 12.9
    endloop
  endfacet
  facet normal 0.05577865915091084 -0.9984431587142688 0
    outer loop
      vertex 41.489120764074414 23.28849274139351 -14.7
      vertex 52.86470546480295 23.92399698229726 11.166666666666668
      vertex 41.489120764074414 23.28849274139351 14.7
    endloop
  endfacet
  facet normal 0.055778659150910785 0.9984431587142688 3.2472748484571545e-17
    outer loop
      vertex 22.005 37.8 12.9
      vertex 62.3175 35.547916666666666 10.327083333333336
      vertex 62.3175 35.547916666666666 6.262499999999999
    endloop
  endfacet
  facet normal -1 0 0
    outer loop
      vertex 21.995 22.2 21.5
      vertex 21.995 24.325849081873894 18.47438790698384
      vertex 21.995 24.00502790697231 17.277066973777703
    endloop
  endfacet
  facet normal -1 0 0
    outer loop
      vertex 21.995 22.2 21.5
      vertex 21.995 24.326297491730646 18.47606139535682
      vertex 21.995 24.325849081873894 18.47438790698384
    endloop
  endfacet
  facet normal -1 0 0
    outer loop
      vertex 21.995 22.2 21.5
      vertex 21.995 25.204022321117478 19.353786224743654
      vertex 21.995 24.326297491730646 18.47606139535682
    endloop
  endfacet
  facet normal 0.05577865915091118 -0.9984431587142688 6.737205809769207e-17
    outer loop
      vertex 22.005 22.2 21.5
      vertex 27.245875518331015 22.492784828698493 18.3
      vertex 28.804931441935636 22.579882474869894 18.3
    endloop
  endfacet
  facet normal -1 0 0
    outer loop
      vertex 21.995 22.2 21.5
      vertex 21.995 25.205902321127265 19.354436280304608
      vertex 21.995 25.204520925785914 19.354066136536556
    endloop
  endfacet
  facet normal -1 0 0
    outer loop
      vertex 21.995 22.2 21.5
      vertex 21.995 25.204520925785914 19.354066136536556
      vertex 21.995 25.204022321117478 19.353786224743654
    endloop
  endfacet
  facet normal -1 0 0
    outer loop
      vertex 21.995 22.2 21.5
      vertex 21.995 26.403390696194283 19.675302321117282
      vertex 21.995 25.205902321127265 19.354436280304608
    endloop
  endfacet
  facet normal 0 0 1
    outer loop
      vertex 21.995 22.2 21.5
      vertex 22.005 22.2 21.5
      vertex 22.005 37.8 21.5
    endloop
  endfacet
  facet normal -1 0 0
    outer loop
      vertex 21.995 37.2 12.9
      vertex 21.995 37.8 21.5
      vertex 21.995 37.8 12.9
    endloop
  endfacet
  facet normal 0 1 0
    outer loop
      vertex 21.995 37.8 12.9
      vertex 22.005 37.8 21.5
      vertex 22.005 37.8 12.9
    endloop
  endfacet
  facet normal 0.05577865915091078 0.9984431587142688 0
    outer loop
      vertex 22.005 37.8 12.9
      vertex 22.005 37.8 21.5
      vertex 62.3175 35.547916666666666 10.327083333333336
    endloop
  endfacet
  facet normal -1 0 0
    outer loop
      vertex 21.995 22.2 21.5
      vertex 21.995 37.8 21.5
      vertex 21.995 26.403390696194283 19.675302321117282
    endloop
  endfacet
  facet normal -1 0 0
    outer loop
      vertex 21.995 26.403390696194283 19.675302321117282
      vertex 21.995 37.8 21.5
      vertex 21.995 33.596609303805714 19.675302321117282
    endloop
  endfacet
  facet normal 0 0 1
    outer loop
      vertex 21.995 22.2 21.5
      vertex 22.005 37.8 21.5
      vertex 21.995 37.8 21.5
    endloop
  endfacet
  facet normal -1 0 0
    outer loop
      vertex 21.995 35.99497209302769 17.277066973777703
      vertex 21.995 37.8 21.5
      vertex 21.995 37.2 12.9
    endloop
  endfacet
  facet normal 0 1 0
    outer loop
      vertex 21.995 37.8 12.9
      vertex 21.995 37.8 21.5
      vertex 22.005 37.8 21.5
    endloop
  endfacet
  facet normal -1 0 0
    outer loop
      vertex 21.995 34.795479074214086 19.354066136536556
      vertex 21.995 37.8 21.5
      vertex 21.995 34.79597767888252 19.353786224743654
    endloop
  endfacet
  facet normal -1 0 0
    outer loop
      vertex 21.995 34.795479074214086 19.354066136536556
      vertex 21.995 34.79409767887273 19.354436280304608
      vertex 21.995 37.8 21.5
    endloop
  endfacet
  facet normal -1 0 0
    outer loop
      vertex 21.995 33.596609303805714 19.675302321117282
      vertex 21.995 37.8 21.5
      vertex 21.995 34.79409767887273 19.354436280304608
    endloop
  endfacet
  facet normal -1 0 0
    outer loop
      vertex 21.995 35.6741509181261 18.47438790698384
      vertex 21.995 37.8 21.5
      vertex 21.995 35.99497209302769 17.277066973777703
    endloop
  endfacet
  facet normal -1 0 0
    outer loop
      vertex 21.995 35.6741509181261 18.47438790698384
      vertex 21.995 35.67370250826936 18.47606139535682
      vertex 21.995 37.8 21.5
    endloop
  endfacet
  facet normal -1 0 0
    outer loop
      vertex 21.995 34.79597767888252 19.353786224743654
      vertex 21.995 37.8 21.5
      vertex 21.995 35.67370250826936 18.47606139535682
    endloop
  endfacet
  facet normal 0.05577865915091196 -0.9984431587142687 4.50259993742707e-15
    outer loop
      vertex 28.804931441935636 22.579882474869894 18.3
      vertex 40.54175234875388 23.23556740511643 14.7
      vertex 41.489120764074414 23.28849274139351 14.7
    endloop
  endfacet
  facet normal 0.055778659150909966 -0.9984431587142687 -2.602996289066682e-15
    outer loop
      vertex 41.489120764074414 23.28849274139351 14.7
      vertex 52.86470546480295 23.92399698229726 11.166666666666668
      vertex 55.21178172762056 24.05511788359472 11.166666666666668
    endloop
  endfacet
  facet normal 0.055778659150911104 -0.9984431587142687 1.1921411923964644e-15
    outer loop
      vertex 28.804931441935636 22.579882474869894 18.3
      vertex 41.489120764074414 23.28849274139351 14.7
      vertex 62.3175 24.452083333333334 10.327083333333336
    endloop
  endfacet
  facet normal 0.26809095653163806 -0.3543346807026619 0.8958650417765468
    outer loop
      vertex 22.005 22.2 21.5
      vertex 62.3175 24.452083333333334 10.327083333333336
      vertex 64.995 24.899372093023256 9.70274418604651
    endloop
  endfacet
  facet normal 0.0557786591509105 -0.9984431587142688 -1.3749761778373374e-15
    outer loop
      vertex 22.005 22.2 21.5
      vertex 28.804931441935636 22.579882474869894 18.3
      vertex 62.3175 24.452083333333334 10.327083333333336
    endloop
  endfacet
  facet normal 0.2680909565316381 0.35433468070265894 0.895865041776548
    outer loop
      vertex 22.005 37.8 21.5
      vertex 64.995 35.10062790697674 9.70274418604651
      vertex 62.3175 35.547916666666666 10.327083333333336
    endloop
  endfacet
  facet normal 0.26463519589618695 0 0.9643485952149184
    outer loop
      vertex 22.005 22.2 21.5
      vertex 64.995 35.10062790697674 9.70274418604651
      vertex 22.005 37.8 21.5
    endloop
  endfacet
  facet normal 0.05577865915091113 -0.9984431587142687 0
    outer loop
      vertex 55.21178172762056 24.05511788359472 -11.166666666666668
      vertex 62.3175 24.452083333333334 10.327083333333336
      vertex 55.21178172762056 24.05511788359472 11.166666666666668
    endloop
  endfacet
  facet normal 0.16439898730535685 -0.9863939238321437 0
    outer loop
      vertex 62.3175 24.452083333333334 -10.327083333333336
      vertex 64.995 24.898333333333333 9.702333333333332
      vertex 62.3175 24.452083333333334 10.327083333333336
    endloop
  endfacet
  facet normal 0.2680909565316557 -0.3543346807028939 0.8958650417764497
    outer loop
      vertex 62.3175 24.452083333333334 10.327083333333336
      vertex 64.995 24.898333333333333 9.702333333333332
      vertex 64.995 24.899372093023256 9.70274418604651
    endloop
  endfacet
  facet normal 0.16439898730535688 0.9863939238321437 0
    outer loop
      vertex 62.3175 35.547916666666666 6.262499999999999
      vertex 62.3175 35.547916666666666 10.327083333333336
      vertex 64.995 35.10166666666667 5.821646511627906
    endloop
  endfacet
  facet normal 0.16439898730535685 0.9863939238321439 -4.182098007701908e-18
    outer loop
      vertex 62.3175 35.547916666666666 10.327083333333336
      vertex 64.995 35.10166666666667 9.702333333333332
      vertex 64.995 35.10166666666667 5.821646511627906
    endloop
  endfacet
  facet normal 0.2680909565315885 0.35433468070188434 0.8958650417768691
    outer loop
      vertex 62.3175 35.547916666666666 10.327083333333336
      vertex 64.995 35.10062790697674 9.70274418604651
      vertex 64.995 35.10166666666667 9.702333333333332
    endloop
  endfacet
  facet normal 0.055778659150911486 -0.9984431587142687 3.137216870862172e-15
    outer loop
      vertex 41.489120764074414 23.28849274139351 14.7
      vertex 55.21178172762056 24.05511788359472 11.166666666666668
      vertex 62.3175 24.452083333333334 10.327083333333336
    endloop
  endfacet
  facet normal 0.2646351958961869 5.776357956200402e-17 0.9643485952149186
    outer loop
      vertex 22.005 22.2 21.5
      vertex 64.995 24.899372093023256 9.70274418604651
      vertex 64.995 35.10062790697674 9.70274418604651
    endloop
  endfacet
  facet normal -1 0 0
    outer loop
      vertex 21.995 -34.79597767888252 -19.353786224743654
      vertex 21.995 -37.8 -21.5
      vertex 21.995 -35.67370250826936 -18.47606139535682
    endloop
  endfacet
  facet normal -1 0 0
    outer loop
      vertex 21.995 -35.67370250826936 -18.47606139535682
      vertex 21.995 -37.8 -21.5
      vertex 21.995 -35.6741509181261 -18.47438790698384
    endloop
  endfacet
  facet normal -1 0 0
    outer loop
      vertex 21.995 -35.6741509181261 -18.47438790698384
      vertex 21.995 -37.8 -21.5
      vertex 21.995 -35.99497209302769 -17.277066973777703
    endloop
  endfacet
  facet normal -1 0 0
    outer loop
      vertex 21.995 -33.596609303805714 -19.675302321117282
      vertex 21.995 -37.8 -21.5
      vertex 21.995 -34.79409767887273 -19.354436280304608
    endloop
  endfacet
  facet normal -1 0 0
    outer loop
      vertex 21.995 -34.79597767888252 -19.353786224743654
      vertex 21.995 -34.795479074214086 -19.354066136536556
      vertex 21.995 -37.8 -21.5
    endloop
  endfacet
  facet normal -1 0 0
    outer loop
      vertex 21.995 -34.79409767887273 -19.354436280304608
      vertex 21.995 -37.8 -21.5
      vertex 21.995 -34.795479074214086 -19.354066136536556
    endloop
  endfacet
  facet normal 0 -1 0
    outer loop
      vertex 21.995 -37.8 -21.5
      vertex 22.005 -37.8 -21.5
      vertex 22.005 -37.8 -12.9
    endloop
  endfacet
  facet normal -1 0 0
    outer loop
      vertex 21.995 -35.99497209302769 -17.277066973777703
      vertex 21.995 -37.8 -21.5
      vertex 21.995 -37.2 -12.9
    endloop
  endfacet
  facet normal 0 0 -1
    outer loop
      vertex 21.995 -22.2 -21.5
      vertex 22.005 -37.8 -21.5
      vertex 21.995 -37.8 -21.5
    endloop
  endfacet
  facet normal -1 0 0
    outer loop
      vertex 21.995 -22.2 -21.5
      vertex 21.995 -37.8 -21.5
      vertex 21.995 -33.596609303805714 -19.675302321117282
    endloop
  endfacet
  facet normal 0 -1 0
    outer loop
      vertex 21.995 -37.8 -21.5
      vertex 22.005 -37.8 -12.9
      vertex 21.995 -37.8 -12.9
    endloop
  endfacet
  facet normal -1 0 0
    outer loop
      vertex 21.995 -37.8 -21.5
      vertex 21.995 -37.8 -12.9
      vertex 21.995 -37.2 -12.9
    endloop
  endfacet
  facet normal 0.05577865915091078 -0.9984431587142688 0
    outer loop
      vertex 22.005 -37.8 -21.5
      vertex 62.3175 -35.547916666666666 -6.262499999999999
      vertex 22.005 -37.8 -12.9
    endloop
  endfacet
  facet normal 0 0 -1
    outer loop
      vertex 21.995 -22.2 -21.5
      vertex 22.005 -22.2 -21.5
      vertex 22.005 -37.8 -21.5
    endloop
  endfacet
  facet normal -1 0 0
    outer loop
      vertex 21.995 -22.2 -21.5
      vertex 21.995 -33.596609303805714 -19.675302321117282
      vertex 21.995 -26.403390696194283 -19.675302321117282
    endloop
  endfacet
  facet normal -1 0 0
    outer loop
      vertex 21.995 -22.2 -21.5
      vertex 21.995 -26.403390696194283 -19.675302321117282
      vertex 21.995 -25.205902321127265 -19.354436280304608
    endloop
  endfacet
  facet normal -1 0 0
    outer loop
      vertex 21.995 -22.2 -21.5
      vertex 21.995 -25.204520925785914 -19.354066136536556
      vertex 21.995 -25.204022321117478 -19.353786224743654
    endloop
  endfacet
  facet normal -1 0 0
    outer loop
      vertex 21.995 -22.2 -21.5
      vertex 21.995 -25.205902321127265 -19.354436280304608
      vertex 21.995 -25.204520925785914 -19.354066136536556
    endloop
  endfacet
  facet normal -1 0 0
    outer loop
      vertex 21.995 -22.2 -21.5
      vertex 21.995 -25.204022321117478 -19.353786224743654
      vertex 21.995 -24.326297491730646 -18.47606139535682
    endloop
  endfacet
  facet normal -1 0 0
    outer loop
      vertex 21.995 -22.2 -21.5
      vertex 21.995 -24.326297491730646 -18.47606139535682
      vertex 21.995 -24.325849081873894 -18.47438790698384
    endloop
  endfacet
  facet normal -1 0 0
    outer loop
      vertex 21.995 -22.2 -21.5
      vertex 21.995 -24.325849081873894 -18.47438790698384
      vertex 21.995 -24.00502790697231 -17.277066973777703
    endloop
  endfacet
  facet normal 0.05577865915091118 0.9984431587142688 -6.737205809769207e-17
    outer loop
      vertex 22.005 -22.2 -21.5
      vertex 27.245875518331015 -22.492784828698493 -18.3
      vertex 28.804931441935636 -22.579882474869894 -18.3
    endloop
  endfacet
  facet normal 0.2680909565316381 -0.35433468070265894 -0.895865041776548
    outer loop
      vertex 22.005 -37.8 -21.5
      vertex 64.995 -35.10062790697674 -9.70274418604651
      vertex 62.3175 -35.547916666666666 -10.327083333333336
    endloop
  endfacet
  facet normal 0.055778659150910806 -0.9984431587142688 -3.247274848457155e-17
    outer loop
      vertex 22.005 -37.8 -21.5
      vertex 62.3175 -35.547916666666666 -10.327083333333336
      vertex 62.3175 -35.547916666666666 -6.262499999999999
    endloop
  endfacet
  facet normal 0.26463519589618695 0 -0.9643485952149184
    outer loop
      vertex 22.005 -22.2 -21.5
      vertex 64.995 -24.899372093023256 -9.70274418604651
      vertex 22.005 -37.8 -21.5
    endloop
  endfacet
  facet normal 0.0557786591509105 0.9984431587142688 1.3749761778373374e-15
    outer loop
      vertex 22.005 -22.2 -21.5
      vertex 28.804931441935636 -22.579882474869894 -18.3
      vertex 62.3175 -24.452083333333334 -10.327083333333336
    endloop
  endfacet
  facet normal 0.05577865915091196 0.9984431587142687 -4.50259993742707e-15
    outer loop
      vertex 28.804931441935636 -22.579882474869894 -18.3
      vertex 40.54175234875388 -23.23556740511643 -14.7
      vertex 41.489120764074414 -23.28849274139351 -14.7
    endloop
  endfacet
  facet normal 0.055778659150911104 0.9984431587142687 -1.1921411923964644e-15
    outer loop
      vertex 28.804931441935636 -22.579882474869894 -18.3
      vertex 41.489120764074414 -23.28849274139351 -14.7
      vertex 62.3175 -24.452083333333334 -10.327083333333336
    endloop
  endfacet
  facet normal 0.26809095653163806 0.3543346807026619 -0.8958650417765468
    outer loop
      vertex 22.005 -22.2 -21.5
      vertex 62.3175 -24.452083333333334 -10.327083333333336
      vertex 64.995 -24.899372093023256 -9.70274418604651
    endloop
  endfacet
  facet normal 0.055778659150909966 0.9984431587142687 2.602996289066682e-15
    outer loop
      vertex 41.489120764074414 -23.28849274139351 -14.7
      vertex 52.86470546480295 -23.92399698229726 -11.166666666666668
      vertex 55.21178172762056 -24.05511788359472 -11.166666666666668
    endloop
  endfacet
  facet normal -1 0 0
    outer loop
      vertex 21.995 -35.99497209302769 -17.277066973777703
      vertex 21.995 -37.2 -12.9
      vertex 21.995 -37.2 12.9
    endloop
  endfacet
  facet normal 0 1 0
    outer loop
      vertex 21.995 -22.2 -21.5
      vertex 21.995 -22.2 21.5
      vertex 22.005 -22.2 -21.5
    endloop
  endfacet
  facet normal 0.055778659150911125 0.9984431587142688 9.842077695414654e-20
    outer loop
      vertex 22.005 -22.2 -21.5
      vertex 27.245875518331015 -22.492784828698493 18.3
      vertex 27.245875518331015 -22.492784828698493 -18.3
    endloop
  endfacet
  facet normal -1 0 0
    outer loop
      vertex 21.995 -22.2 -21.5
      vertex 21.995 -24.00502790697231 -17.277066973777703
      vertex 21.995 -22.2 21.5
    endloop
  endfacet
  facet normal 0.05577865915091066 0.9984431587142688 -5.379484067207275e-19
    outer loop
      vertex 28.804931441935636 -22.579882474869894 -18.3
      vertex 40.54175234875388 -23.23556740511643 14.7
      vertex 40.54175234875388 -23.23556740511643 -14.7
    endloop
  endfacet
  facet normal 0.055778659150910834 0.9984431587142688 -8.011889982570025e-19
    outer loop
      vertex 41.489120764074414 -23.28849274139351 -14.7
      vertex 52.86470546480295 -23.92399698229726 11.166666666666668
      vertex 52.86470546480295 -23.92399698229726 -11.166666666666668
    endloop
  endfacet
  facet normal 0.26463519589618695 -5.776357956200404e-17 -0.9643485952149186
    outer loop
      vertex 22.005 -37.8 -21.5
      vertex 64.995 -24.899372093023256 -9.70274418604651
      vertex 64.995 -35.10062790697674 -9.70274418604651
    endloop
  endfacet
  facet normal 0.055778659150911486 0.9984431587142687 -3.137216870862172e-15
    outer loop
      vertex 41.489120764074414 -23.28849274139351 -14.7
      vertex 55.21178172762056 -24.05511788359472 -11.166666666666668
      vertex 62.3175 -24.452083333333334 -10.327083333333336
    endloop
  endfacet
  facet normal 0.2680909565315885 -0.35433468070188434 -0.8958650417768691
    outer loop
      vertex 62.3175 -35.547916666666666 -10.327083333333336
      vertex 64.995 -35.10062790697674 -9.70274418604651
      vertex 64.995 -35.10166666666667 -9.702333333333332
    endloop
  endfacet
  facet normal 0.16439898730535688 -0.9863939238321437 0
    outer loop
      vertex 62.3175 -35.547916666666666 -10.327083333333336
      vertex 64.995 -35.10166666666667 -9.702333333333332
      vertex 62.3175 -35.547916666666666 -6.262499999999999
    endloop
  endfacet
  facet normal 0.16439898730535685 -0.9863939238321439 4.182098007701908e-18
    outer loop
      vertex 62.3175 -35.547916666666666 -6.262499999999999
      vertex 64.995 -35.10166666666667 -9.702333333333332
      vertex 64.995 -35.10166666666667 -5.821646511627906
    endloop
  endfacet
  facet normal 0.2680909565316557 0.3543346807028939 -0.8958650417764497
    outer loop
      vertex 62.3175 -24.452083333333334 -10.327083333333336
      vertex 64.995 -24.898333333333333 -9.702333333333332
      vertex 64.995 -24.899372093023256 -9.70274418604651
    endloop
  endfacet
  facet normal 0.05577865915091113 0.9984431587142688 -7.993874429292552e-19
    outer loop
      vertex 55.21178172762056 -24.05511788359472 -11.166666666666668
      vertex 62.3175 -24.452083333333334 10.327083333333336
      vertex 62.3175 -24.452083333333334 -10.327083333333336
    endloop
  endfacet
  facet normal 0.16439898730535685 0.9863939238321436 -8.363664733003734e-19
    outer loop
      vertex 62.3175 -24.452083333333334 -10.327083333333336
      vertex 64.995 -24.898333333333333 9.702333333333332
      vertex 64.995 -24.898333333333333 -9.702333333333332
    endloop
  endfacet
  facet normal -1 0 0
    outer loop
      vertex 21.995 -35.99497209302769 -17.277066973777703
      vertex 21.995 -37.2 12.9
      vertex 21.995 -35.99497209302769 17.277066973777703
    endloop
  endfacet
  facet normal 0.05577865915091065 0.9984431587142688 0
    outer loop
      vertex 28.804931441935636 -22.579882474869894 -18.3
      vertex 28.804931441935636 -22.579882474869894 18.3
      vertex 40.54175234875388 -23.23556740511643 14.7
    endloop
  endfacet
  facet normal 0.055778659150911125 0.9984431587142687 0
    outer loop
      vertex 22.005 -22.2 -21.5
      vertex 22.005 -22.2 21.5
      vertex 27.245875518331015 -22.492784828698493 18.3
    endloop
  endfacet
  facet normal -1 0 0
    outer loop
      vertex 21.995 -24.00502790697231 -17.277066973777703
      vertex 21.995 -24.00502790697231 17.277066973777703
      vertex 21.995 -22.2 21.5
    endloop
  endfacet
  facet normal 0 1 0
    outer loop
      vertex 22.005 -22.2 -21.5
      vertex 21.995 -22.2 21.5
      vertex 22.005 -22.2 21.5
    endloop
  endfacet
  facet normal 0.055778659150910785 -0.9984431587142688 -3.2472748484571545e-17
    outer loop
      vertex 22.005 -37.8 12.9
      vertex 62.3175 -35.547916666666666 6.262499999999999
      vertex 62.3175 -35.547916666666666 10.327083333333336
    endloop
  endfacet
  facet normal 0.05577865915091084 0.9984431587142688 0
    outer loop
      vertex 41.489120764074414 -23.28849274139351 -14.7
      vertex 41.489120764074414 -23.28849274139351 14.7
      vertex 52.86470546480295 -23.92399698229726 11.166666666666668
    endloop
  endfacet
  facet normal 0 -1 0
    outer loop
      vertex 21.995 -37.8 12.9
      vertex 22.005 -37.8 12.9
      vertex 22.005 -37.8 21.5
    endloop
  endfacet
  facet normal -1 0 0
    outer loop
      vertex 21.995 -37.2 12.9
      vertex 21.995 -37.8 12.9
      vertex 21.995 -37.8 21.5
    endloop
  endfacet
  facet normal 0.05577865915091078 -0.9984431587142688 0
    outer loop
      vertex 22.005 -37.8 12.9
      vertex 62.3175 -35.547916666666666 10.327083333333336
      vertex 22.005 -37.8 21.5
    endloop
  endfacet
  facet normal -1 0 0
    outer loop
      vertex 21.995 -35.99497209302769 17.277066973777703
      vertex 21.995 -37.2 12.9
      vertex 21.995 -37.8 21.5
    endloop
  endfacet
  facet normal 0 -1 0
    outer loop
      vertex 21.995 -37.8 12.9
      vertex 22.005 -37.8 21.5
      vertex 21.995 -37.8 21.5
    endloop
  endfacet
  facet normal -1 0 0
    outer loop
      vertex 21.995 -35.6741509181261 18.47438790698384
      vertex 21.995 -35.99497209302769 17.277066973777703
      vertex 21.995 -37.8 21.5
    endloop
  endfacet
  facet normal -1 0 0
    outer loop
      vertex 21.995 -35.6741509181261 18.47438790698384
      vertex 21.995 -37.8 21.5
      vertex 21.995 -35.67370250826936 18.47606139535682
    endloop
  endfacet
  facet normal -1 0 0
    outer loop
      vertex 21.995 -34.79597767888252 19.353786224743654
      vertex 21.995 -35.67370250826936 18.47606139535682
      vertex 21.995 -37.8 21.5
    endloop
  endfacet
  facet normal -1 0 0
    outer loop
      vertex 21.995 -34.795479074214086 19.354066136536556
      vertex 21.995 -34.79597767888252 19.353786224743654
      vertex 21.995 -37.8 21.5
    endloop
  endfacet
  facet normal -1 0 0
    outer loop
      vertex 21.995 -34.795479074214086 19.354066136536556
      vertex 21.995 -37.8 21.5
      vertex 21.995 -34.79409767887273 19.354436280304608
    endloop
  endfacet
  facet normal -1 0 0
    outer loop
      vertex 21.995 -33.596609303805714 19.675302321117282
      vertex 21.995 -34.79409767887273 19.354436280304608
      vertex 21.995 -37.8 21.5
    endloop
  endfacet
  facet normal -1 0 0
    outer loop
      vertex 21.995 -26.403390696194283 19.675302321117282
      vertex 21.995 -33.596609303805714 19.675302321117282
      vertex 21.995 -37.8 21.5
    endloop
  endfacet
  facet normal 0 0 1
    outer loop
      vertex 21.995 -22.2 21.5
      vertex 21.995 -37.8 21.5
      vertex 22.005 -37.8 21.5
    endloop
  endfacet
  facet normal -1 0 0
    outer loop
      vertex 21.995 -22.2 21.5
      vertex 21.995 -26.403390696194283 19.675302321117282
      vertex 21.995 -37.8 21.5
    endloop
  endfacet
  facet normal 0 0 1
    outer loop
      vertex 21.995 -22.2 21.5
      vertex 22.005 -37.8 21.5
      vertex 22.005 -22.2 21.5
    endloop
  endfacet
  facet normal -1 0 0
    outer loop
      vertex 21.995 -22.2 21.5
      vertex 21.995 -25.204520925785914 19.354066136536556
      vertex 21.995 -25.205902321127265 19.354436280304608
    endloop
  endfacet
  facet normal -1 0 0
    outer loop
      vertex 21.995 -22.2 21.5
      vertex 21.995 -25.204022321117478 19.353786224743654
      vertex 21.995 -25.204520925785914 19.354066136536556
    endloop
  endfacet
  facet normal -1 0 0
    outer loop
      vertex 21.995 -22.2 21.5
      vertex 21.995 -25.205902321127265 19.354436280304608
      vertex 21.995 -26.403390696194283 19.675302321117282
    endloop
  endfacet
  facet normal -1 0 0
    outer loop
      vertex 21.995 -22.2 21.5
      vertex 21.995 -24.00502790697231 17.277066973777703
      vertex 21.995 -24.325849081873894 18.47438790698384
    endloop
  endfacet
  facet normal -1 0 0
    outer loop
      vertex 21.995 -22.2 21.5
      vertex 21.995 -24.325849081873894 18.47438790698384
      vertex 21.995 -24.326297491730646 18.47606139535682
    endloop
  endfacet
  facet normal -1 0 0
    outer loop
      vertex 21.995 -22.2 21.5
      vertex 21.995 -24.326297491730646 18.47606139535682
      vertex 21.995 -25.204022321117478 19.353786224743654
    endloop
  endfacet
  facet normal 0.05577865915091116 0.9984431587142688 9.68461665478767e-17
    outer loop
      vertex 22.005 -22.2 21.5
      vertex 28.804931441935636 -22.579882474869894 18.3
      vertex 27.245875518331015 -22.492784828698493 18.3
    endloop
  endfacet
  facet normal 0.26809095653163817 -0.35433468070265794 0.8958650417765484
    outer loop
      vertex 22.005 -37.8 21.5
      vertex 62.3175 -35.547916666666666 10.327083333333336
      vertex 64.995 -35.10062790697674 9.70274418604651
    endloop
  endfacet
  facet normal 0.26463519589618695 0 0.9643485952149184
    outer loop
      vertex 22.005 -22.2 21.5
      vertex 22.005 -37.8 21.5
      vertex 64.995 -35.10062790697674 9.70274418604651
    endloop
  endfacet
  facet normal 0.05577865915091189 0.9984431587142688 4.434006266223529e-15
    outer loop
      vertex 28.804931441935636 -22.579882474869894 18.3
      vertex 41.489120764074414 -23.28849274139351 14.7
      vertex 40.54175234875388 -23.23556740511643 14.7
    endloop
  endfacet
  facet normal 0.05577865915090997 0.9984431587142687 -2.6670783662712622e-15
    outer loop
      vertex 41.489120764074414 -23.28849274139351 14.7
      vertex 55.21178172762056 -24.05511788359472 11.166666666666668
      vertex 52.86470546480295 -23.92399698229726 11.166666666666668
    endloop
  endfacet
  facet normal 0.055778659150911104 0.9984431587142687 1.3251541775730435e-15
    outer loop
      vertex 28.804931441935636 -22.579882474869894 18.3
      vertex 62.3175 -24.452083333333334 10.327083333333336
      vertex 41.489120764074414 -23.28849274139351 14.7
    endloop
  endfacet
  facet normal 0.26809095653163817 0.35433468070266283 0.8958650417765466
    outer loop
      vertex 22.005 -22.2 21.5
      vertex 64.995 -24.899372093023256 9.70274418604651
      vertex 62.3175 -24.452083333333334 10.327083333333336
    endloop
  endfacet
  facet normal 0.055778659150910494 0.9984431587142688 -1.3630162873157054e-15
    outer loop
      vertex 22.005 -22.2 21.5
      vertex 62.3175 -24.452083333333334 10.327083333333336
      vertex 28.804931441935636 -22.579882474869894 18.3
    endloop
  endfacet
  facet normal 0.16439898730535688 -0.9863939238321437 0
    outer loop
      vertex 62.3175 -35.547916666666666 6.262499999999999
      vertex 64.995 -35.10166666666667 5.821646511627906
      vertex 62.3175 -35.547916666666666 10.327083333333336
    endloop
  endfacet
  facet normal 0.16439898730535685 -0.9863939238321439 4.182098007701908e-18
    outer loop
      vertex 62.3175 -35.547916666666666 10.327083333333336
      vertex 64.995 -35.10166666666667 5.821646511627906
      vertex 64.995 -35.10166666666667 9.702333333333332
    endloop
  endfacet
  facet normal 0.26809095653158366 -0.3543346807018534 0.8958650417768829
    outer loop
      vertex 62.3175 -35.547916666666666 10.327083333333336
      vertex 64.995 -35.10166666666667 9.702333333333332
      vertex 64.995 -35.10062790697674 9.70274418604651
    endloop
  endfacet
  facet normal 0.05577865915091113 0.9984431587142687 0
    outer loop
      vertex 55.21178172762056 -24.05511788359472 -11.166666666666668
      vertex 55.21178172762056 -24.05511788359472 11.166666666666668
      vertex 62.3175 -24.452083333333334 10.327083333333336
    endloop
  endfacet
  facet normal 0.16439898730535685 0.9863939238321437 0
    outer loop
      vertex 62.3175 -24.452083333333334 -10.327083333333336
      vertex 62.3175 -24.452083333333334 10.327083333333336
      vertex 64.995 -24.898333333333333 9.702333333333332
    endloop
  endfacet
  facet normal 0.26809095653164644 0.35433468070290586 0.895865041776448
    outer loop
      vertex 62.3175 -24.452083333333334 10.327083333333336
      vertex 64.995 -24.899372093023256 9.70274418604651
      vertex 64.995 -24.898333333333333 9.702333333333332
    endloop
  endfacet
  facet normal 0.26463519589618695 5.776357956200404e-17 0.9643485952149186
    outer loop
      vertex 22.005 -22.2 21.5
      vertex 64.995 -35.10062790697674 9.70274418604651
      vertex 64.995 -24.899372093023256 9.70274418604651
    endloop
  endfacet
  facet normal 0.05577865915091146 0.9984431587142687 3.144138367849572e-15
    outer loop
      vertex 41.489120764074414 -23.28849274139351 14.7
      vertex 62.3175 -24.452083333333334 10.327083333333336
      vertex 55.21178172762056 -24.05511788359472 11.166666666666668
    endloop
  endfacet
  facet normal 0 0 -1
    outer loop
      vertex 21.995 37.8 -12.9
      vertex 21.995 38.4 -12.9
      vertex 22.005 37.8 -12.9
    endloop
  endfacet
  facet normal 0 0 -1
    outer loop
      vertex 22.005 37.8 -12.9
      vertex 21.995 38.4 -12.9
      vertex 22.005 38.4 -12.9
    endloop
  endfacet
  facet normal 0.16246369342262307 0 -0.9867145221995467
    outer loop
      vertex 22.005 37.8 -12.9
      vertex 22.005 38.4 -12.9
      vertex 62.3175 35.547916666666666 -6.262499999999999
    endloop
  endfacet
  facet normal -1 0 0
    outer loop
      vertex 21.995 37.2 -12.9
      vertex 21.995 37.2 12.9
      vertex 21.995 37.8 -12.9
    endloop
  endfacet
  facet normal -1 0 0
    outer loop
      vertex 21.995 37.8 -12.9
      vertex 21.995 37.2 12.9
      vertex 21.995 38.4 -12.9
    endloop
  endfacet
  facet normal 0 1 0
    outer loop
      vertex 21.995 38.4 -12.9
      vertex 22.005 38.4 12.9
      vertex 22.005 38.4 -12.9
    endloop
  endfacet
  facet normal 0.055778659150910785 0.9984431587142688 0
    outer loop
      vertex 22.005 38.4 -12.9
      vertex 22.005 38.4 12.9
      vertex 62.3175 36.14791666666667 -6.196250000000002
    endloop
  endfacet
  facet normal 0.16246369342262287 -1.421369008387197e-15 -0.9867145221995468
    outer loop
      vertex 22.005 38.4 -12.9
      vertex 65.005 35.7 -5.82
      vertex 62.3175 35.547916666666666 -6.262499999999999
    endloop
  endfacet
  facet normal 0.1720938310310997 0.22745568689895504 -0.9584610705805239
    outer loop
      vertex 22.005 38.4 -12.9
      vertex 62.3175 36.14791666666667 -6.196250000000002
      vertex 65.005 35.7 -5.82
    endloop
  endfacet
  facet normal 0.16246369342262315 2.0639685504973927e-18 -0.9867145221995467
    outer loop
      vertex 62.3175 35.547916666666666 -6.262499999999999
      vertex 64.995 35.5 -5.821646511627906
      vertex 64.995 35.10166666666667 -5.821646511627906
    endloop
  endfacet
  facet normal 0.16246369342262312 -1.7789867895692421e-16 -0.9867145221995467
    outer loop
      vertex 62.3175 35.547916666666666 -6.262499999999999
      vertex 65.005 35.7 -5.82
      vertex 64.995 35.5 -5.821646511627906
    endloop
  endfacet
  facet normal 0.16439898730535688 0.9863939238321437 2.3338229480562675e-18
    outer loop
      vertex 62.3175 36.14791666666667 -6.196250000000002
      vertex 65.005 35.7 5.82
      vertex 65.005 35.7 -5.82
    endloop
  endfacet
  facet normal 0.16246369342261655 0 -0.9867145221995478
    outer loop
      vertex 65.005 35.7 -5.82
      vertex 65.005 35.5 -5.82
      vertex 64.995 35.5 -5.821646511627906
    endloop
  endfacet
  facet normal 1 0 0
    outer loop
      vertex 65.005 35.7 -5.82
      vertex 65.005 35.7 5.82
      vertex 65.005 35.5 -5.82
    endloop
  endfacet
  facet normal -1 0 0
    outer loop
      vertex 21.995 38.4 -12.9
      vertex 21.995 37.2 12.9
      vertex 21.995 37.8 12.9
    endloop
  endfacet
  facet normal -1 0 0
    outer loop
      vertex 21.995 38.4 -12.9
      vertex 21.995 37.8 12.9
      vertex 21.995 38.4 12.9
    endloop
  endfacet
  facet normal 0 1 0
    outer loop
      vertex 21.995 38.4 -12.9
      vertex 21.995 38.4 12.9
      vertex 22.005 38.4 12.9
    endloop
  endfacet
  facet normal 0.05577865915091078 0.9984431587142688 0
    outer loop
      vertex 62.3175 36.14791666666667 -6.196250000000002
      vertex 22.005 38.4 12.9
      vertex 62.3175 36.14791666666667 6.196250000000002
    endloop
  endfacet
  facet normal 0.16246369342262304 0 0.9867145221995468
    outer loop
      vertex 22.005 37.8 12.9
      vertex 65.005 35.7 5.82
      vertex 22.005 38.4 12.9
    endloop
  endfacet
  facet normal 0.16246369342262285 -1.8702469633855833e-15 0.9867145221995469
    outer loop
      vertex 22.005 37.8 12.9
      vertex 62.3175 35.547916666666666 6.262499999999999
      vertex 65.005 35.7 5.82
    endloop
  endfacet
  facet normal 0.17209383103109963 0.22745568689895831 0.958461070580523
    outer loop
      vertex 22.005 38.4 12.9
      vertex 65.005 35.7 5.82
      vertex 62.3175 36.14791666666667 6.196250000000002
    endloop
  endfacet
  facet normal 0 0 1
    outer loop
      vertex 21.995 37.8 12.9
      vertex 22.005 37.8 12.9
      vertex 22.005 38.4 12.9
    endloop
  endfacet
  facet normal 0 0 1
    outer loop
      vertex 21.995 37.8 12.9
      vertex 22.005 38.4 12.9
      vertex 21.995 38.4 12.9
    endloop
  endfacet
  facet normal 0.1643989873053569 0.9863939238321439 0
    outer loop
      vertex 62.3175 36.14791666666667 -6.196250000000002
      vertex 62.3175 36.14791666666667 6.196250000000002
      vertex 65.005 35.7 5.82
    endloop
  endfacet
  facet normal 0.16246369342262312 -2.0639685504973927e-18 0.9867145221995467
    outer loop
      vertex 62.3175 35.547916666666666 6.262499999999999
      vertex 64.995 35.10166666666667 5.821646511627906
      vertex 64.995 35.5 5.821646511627906
    endloop
  endfacet
  facet normal 0.16246369342262312 -1.6052100789772349e-16 0.9867145221995467
    outer loop
      vertex 62.3175 35.547916666666666 6.262499999999999
      vertex 64.995 35.5 5.821646511627906
      vertex 65.005 35.7 5.82
    endloop
  endfacet
  facet normal 1 0 0
    outer loop
      vertex 65.005 35.7 5.82
      vertex 65.005 35.5 5.82
      vertex 65.005 35.5 -5.82
    endloop
  endfacet
  facet normal 0.16246369342261655 0 0.9867145221995478
    outer loop
      vertex 65.005 35.7 5.82
      vertex 64.995 35.5 5.821646511627906
      vertex 65.005 35.5 5.82
    endloop
  endfacet
  facet normal 0 0 -1
    outer loop
      vertex 22.005 -37.8 -12.9
      vertex 22.005 -38.4 -12.9
      vertex 21.995 -38.4 -12.9
    endloop
  endfacet
  facet normal 0 0 -1
    outer loop
      vertex 21.995 -37.8 -12.9
      vertex 22.005 -37.8 -12.9
      vertex 21.995 -38.4 -12.9
    endloop
  endfacet
  facet normal 0.16246369342262307 0 -0.9867145221995467
    outer loop
      vertex 22.005 -37.8 -12.9
      vertex 62.3175 -35.547916666666666 -6.262499999999999
      vertex 22.005 -38.4 -12.9
    endloop
  endfacet
  facet normal 0 -1 0
    outer loop
      vertex 21.995 -38.4 -12.9
      vertex 22.005 -38.4 -12.9
      vertex 22.005 -38.4 12.9
    endloop
  endfacet
  facet normal -1 0 0
    outer loop
      vertex 21.995 -37.8 -12.9
      vertex 21.995 -38.4 -12.9
      vertex 21.995 -37.2 12.9
    endloop
  endfacet
  facet normal -1 0 0
    outer loop
      vertex 21.995 -37.2 -12.9
      vertex 21.995 -37.8 -12.9
      vertex 21.995 -37.2 12.9
    endloop
  endfacet
  facet normal 0.055778659150910785 -0.9984431587142688 0
    outer loop
      vertex 22.005 -38.4 -12.9
      vertex 62.3175 -36.14791666666667 -6.196250000000002
      vertex 22.005 -38.4 12.9
    endloop
  endfacet
  facet normal 0.17209383103109963 -0.22745568689895831 -0.958461070580523
    outer loop
      vertex 22.005 -38.4 -12.9
      vertex 65.005 -35.7 -5.82
      vertex 62.3175 -36.14791666666667 -6.196250000000002
    endloop
  endfacet
  facet normal 0.16246369342262268 1.6516466689638927e-15 -0.9867145221995468
    outer loop
      vertex 22.005 -38.4 -12.9
      vertex 62.3175 -35.547916666666666 -6.262499999999999
      vertex 65.005 -35.7 -5.82
    endloop
  endfacet
  facet normal 0.16246369342262312 1.6052100789772349e-16 -0.9867145221995467
    outer loop
      vertex 62.3175 -35.547916666666666 -6.262499999999999
      vertex 64.995 -35.5 -5.821646511627906
      vertex 65.005 -35.7 -5.82
    endloop
  endfacet
  facet normal 0.16246369342262312 2.0639685504973927e-18 -0.9867145221995467
    outer loop
      vertex 62.3175 -35.547916666666666 -6.262499999999999
      vertex 64.995 -35.10166666666667 -5.821646511627906
      vertex 64.995 -35.5 -5.821646511627906
    endloop
  endfacet
  facet normal 0.16439898730535688 -0.9863939238321437 -2.3338229480562675e-18
    outer loop
      vertex 62.3175 -36.14791666666667 -6.196250000000002
      vertex 65.005 -35.7 -5.82
      vertex 65.005 -35.7 5.82
    endloop
  endfacet
  facet normal 0.16246369342261655 0 -0.9867145221995478
    outer loop
      vertex 65.005 -35.7 -5.82
      vertex 64.995 -35.5 -5.821646511627906
      vertex 65.005 -35.5 -5.82
    endloop
  endfacet
  facet normal 1 0 0
    outer loop
      vertex 65.005 -35.7 -5.82
      vertex 65.005 -35.5 -5.82
      vertex 65.005 -35.7 5.82
    endloop
  endfacet
  facet normal 0 -1 0
    outer loop
      vertex 21.995 -38.4 -12.9
      vertex 22.005 -38.4 12.9
      vertex 21.995 -38.4 12.9
    endloop
  endfacet
  facet normal -1 0 0
    outer loop
      vertex 21.995 -38.4 -12.9
      vertex 21.995 -38.4 12.9
      vertex 21.995 -37.8 12.9
    endloop
  endfacet
  facet normal -1 0 0
    outer loop
      vertex 21.995 -38.4 -12.9
      vertex 21.995 -37.8 12.9
      vertex 21.995 -37.2 12.9
    endloop
  endfacet
  facet normal 0.05577865915091078 -0.9984431587142688 0
    outer loop
      vertex 62.3175 -36.14791666666667 -6.196250000000002
      vertex 62.3175 -36.14791666666667 6.196250000000002
      vertex 22.005 -38.4 12.9
    endloop
  endfacet
  facet normal 0.16246369342262304 0 0.9867145221995468
    outer loop
      vertex 22.005 -37.8 12.9
      vertex 22.005 -38.4 12.9
      vertex 65.005 -35.7 5.82
    endloop
  endfacet
  facet normal 0.1720938310310997 -0.22745568689895504 0.9584610705805239
    outer loop
      vertex 22.005 -38.4 12.9
      vertex 62.3175 -36.14791666666667 6.196250000000002
      vertex 65.005 -35.7 5.82
    endloop
  endfacet
  facet normal 0.1624636934226229 1.6094913771443243e-15 0.9867145221995469
    outer loop
      vertex 22.005 -37.8 12.9
      vertex 65.005 -35.7 5.82
      vertex 62.3175 -35.547916666666666 6.262499999999999
    endloop
  endfacet
  facet normal 0 0 1
    outer loop
      vertex 21.995 -37.8 12.9
      vertex 21.995 -38.4 12.9
      vertex 22.005 -38.4 12.9
    endloop
  endfacet
  facet normal 0 0 1
    outer loop
      vertex 21.995 -37.8 12.9
      vertex 22.005 -38.4 12.9
      vertex 22.005 -37.8 12.9
    endloop
  endfacet
  facet normal 0.1643989873053569 -0.9863939238321439 0
    outer loop
      vertex 62.3175 -36.14791666666667 -6.196250000000002
      vertex 65.005 -35.7 5.82
      vertex 62.3175 -36.14791666666667 6.196250000000002
    endloop
  endfacet
  facet normal 0.16246369342262312 1.7789867895692421e-16 0.9867145221995467
    outer loop
      vertex 62.3175 -35.547916666666666 6.262499999999999
      vertex 65.005 -35.7 5.82
      vertex 64.995 -35.5 5.821646511627906
    endloop
  endfacet
  facet normal 0.16246369342262315 -2.0639685504973927e-18 0.9867145221995467
    outer loop
      vertex 62.3175 -35.547916666666666 6.262499999999999
      vertex 64.995 -35.5 5.821646511627906
      vertex 64.995 -35.10166666666667 5.821646511627906
    endloop
  endfacet
  facet normal 1 0 0
    outer loop
      vertex 65.005 -35.7 5.82
      vertex 65.005 -35.5 -5.82
      vertex 65.005 -35.5 5.82
    endloop
  endfacet
  facet normal 0.16246369342261655 0 0.9867145221995478
    outer loop
      vertex 65.005 -35.7 5.82
      vertex 65.005 -35.5 5.82
      vertex 64.995 -35.5 5.821646511627906
    endloop
  endfacet
  facet normal -0.2199443481056423 0.6897914480973173 0.6897914480973145
    outer loop
      vertex 21.995 24.326297491730646 -18.47606139535682
      vertex 39.25 25.450000002980232 -14.097898470276085
      vertex 21.995 25.204022321117478 -19.353786224743654
    endloop
  endfacet
  facet normal -0.11905917735506412 0.9590553505256407 0.25697810590724585
    outer loop
      vertex 21.995 24.325849081873894 -18.47438790698384
      vertex 39.36962688779311 25.24492533819204 -13.8546800188055
      vertex 21.995 24.326297491730646 -18.47606139535682
    endloop
  endfacet
  facet normal -0.1190591770988926 0.9590553508115344 0.2569781049589618
    outer loop
      vertex 21.995 24.325849081873894 -18.47438790698384
      vertex 21.995 24.00502790697231 -17.277066973777703
      vertex 39.41900595386083 25.16027551064738 -13.515885004712878
    endloop
  endfacet
  facet normal -0.21994434810564206 0.6897914480973186 0.6897914480973133
    outer loop
      vertex 21.995 24.326297491730646 -18.47606139535682
      vertex 39.36962688779311 25.24492533819204 -13.8546800188055
      vertex 39.25 25.450000002980232 -14.097898470276085
    endloop
  endfacet
  facet normal -0.11905917735507969 0.9590553505256222 0.2569781059073082
    outer loop
      vertex 21.995 24.325849081873894 -18.47438790698384
      vertex 39.41900595386083 25.16027551064738 -13.515885004712878
      vertex 39.36962688779311 25.24492533819204 -13.8546800188055
    endloop
  endfacet
  facet normal -0.25249103169402476 0.4736649414387861 0.8437356233832244
    outer loop
      vertex 21.995 25.204022321117478 -19.353786224743654
      vertex 62.2175 27.00166666507721 -8.326233088970184
      vertex 21.995 25.204520925785914 -19.354066136536556
    endloop
  endfacet
  facet normal -0.11905917709889259 0.9590553508115345 0.2569781049589616
    outer loop
      vertex 21.995 24.00502790697231 -17.277066973777703
      vertex 39.521734164923764 24.98417000596806 -12.811055840870353
      vertex 39.41900595386083 25.16027551064738 -13.515885004712878
    endloop
  endfacet
  facet normal -0.25249103169402476 -0.4736649414387861 0.8437356233832244
    outer loop
      vertex 21.995 34.79597767888252 -19.353786224743654
      vertex 21.995 34.795479074214086 -19.354066136536556
      vertex 62.2175 32.99833333492279 -8.326233088970184
    endloop
  endfacet
  facet normal -0.21994434810564265 -0.6897914480973159 0.6897914480973159
    outer loop
      vertex 21.995 34.79597767888252 -19.353786224743654
      vertex 62.2175 32.99833333492279 -8.326233088970184
      vertex 21.995 35.67370250826936 -18.47606139535682
    endloop
  endfacet
  facet normal -0.11905917735412103 -0.9590553505267679 0.25697810590347586
    outer loop
      vertex 21.995 35.67370250826936 -18.47606139535682
      vertex 62.2175 33.547066420316696 -7.777500003576279
      vertex 21.995 35.6741509181261 -18.47438790698384
    endloop
  endfacet
  facet normal -0.11905917709889322 -0.9590553508115336 0.2569781049589644
    outer loop
      vertex 21.995 35.6741509181261 -18.47438790698384
      vertex 62.2175 33.74791666865349 -7.027916669845581
      vertex 21.995 35.99497209302769 -17.277066973777703
    endloop
  endfacet
  facet normal -0.2649941082960433 0.24956627350248192 0.9313940077638836
    outer loop
      vertex 21.995 25.204520925785914 -19.354066136536556
      vertex 64.905 28.020000003278255 -7.899999998509884
      vertex 21.995 25.205902321127265 -19.354436280304608
    endloop
  endfacet
  facet normal -0.26499410831163506 0.24956627068074805 0.9313940085155289
    outer loop
      vertex 21.995 25.205902321127265 -19.354436280304608
      vertex 64.905 28.020000003278255 -7.899999998509884
      vertex 21.995 26.403390696194283 -19.675302321117282
    endloop
  endfacet
  facet normal -0.21994434810564234 0.689791448097317 0.6897914480973146
    outer loop
      vertex 21.995 25.204022321117478 -19.353786224743654
      vertex 39.25 25.450000002980232 -14.097898470276085
      vertex 62.2175 26.452933579683304 -7.777500003576279
    endloop
  endfacet
  facet normal -0.21994434810564226 0.6897914480973174 0.6897914480973144
    outer loop
      vertex 39.25 25.450000002980232 -14.097898470276085
      vertex 42.75 25.450000002980232 -12.981901424367297
      vertex 62.2175 26.452933579683304 -7.777500003576279
    endloop
  endfacet
  facet normal -0.21994434810564265 0.6897914480973159 0.6897914480973156
    outer loop
      vertex 21.995 25.204022321117478 -19.353786224743654
      vertex 62.2175 26.452933579683304 -7.777500003576279
      vertex 62.2175 27.00166666507721 -8.326233088970184
    endloop
  endfacet
  facet normal -0.21994434810564628 0.6897914480972971 0.6897914480973334
    outer loop
      vertex 42.73414107162504 25.422813268623155 -12.95977140921529
      vertex 62.2175 26.452933579683304 -7.777500003576279
      vertex 42.75 25.450000002980232 -12.981901424367297
    endloop
  endfacet
  facet normal -0.11905917735507875 0.9590553505256233 0.2569781059073044
    outer loop
      vertex 42.73414107162504 25.422813268623155 -12.95977140921529
      vertex 42.67186435254651 25.31605317877425 -12.590190428318094
      vertex 62.2175 26.452933579683304 -7.777500003576279
    endloop
  endfacet
  facet normal -0.2524910316937893 0.4736649414411171 0.8437356233819863
    outer loop
      vertex 21.995 25.204520925785914 -19.354066136536556
      vertex 62.2175 27.00166666507721 -8.326233088970184
      vertex 64.905 27.360000006854534 -7.723153531551361
    endloop
  endfacet
  facet normal -0.2646351958340308 0 0.9643485952319754
    outer loop
      vertex 21.995 26.403390696194283 -19.675302321117282
      vertex 64.905 28.020000003278255 -7.899999998509884
      vertex 21.995 33.596609303805714 -19.675302321117282
    endloop
  endfacet
  facet normal -0.26499410831163506 -0.24956627068074805 0.9313940085155289
    outer loop
      vertex 21.995 33.596609303805714 -19.675302321117282
      vertex 64.905 31.979999996721745 -7.899999998509884
      vertex 21.995 34.79409767887273 -19.354436280304608
    endloop
  endfacet
  facet normal -0.26499410829604664 -0.24956627350188285 0.9313940077640431
    outer loop
      vertex 21.995 34.79409767887273 -19.354436280304608
      vertex 64.905 31.979999996721745 -7.899999998509884
      vertex 21.995 34.795479074214086 -19.354066136536556
    endloop
  endfacet
  facet normal -0.2524910316937893 -0.4736649414411173 0.8437356233819863
    outer loop
      vertex 21.995 34.795479074214086 -19.354066136536556
      vertex 64.905 32.639999993145466 -7.723153531551361
      vertex 62.2175 32.99833333492279 -8.326233088970184
    endloop
  endfacet
  facet normal -0.21994434810564278 -0.6897914480973153 0.6897914480973162
    outer loop
      vertex 21.995 35.67370250826936 -18.47606139535682
      vertex 62.2175 32.99833333492279 -8.326233088970184
      vertex 62.2175 33.547066420316696 -7.777500003576279
    endloop
  endfacet
  facet normal -0.1190591773550795 -0.9590553505256222 0.2569781059073082
    outer loop
      vertex 21.995 35.6741509181261 -18.47438790698384
      vertex 62.2175 33.547066420316696 -7.777500003576279
      vertex 62.2175 33.74791666865349 -7.027916669845581
    endloop
  endfacet
  facet normal -0.05577865910185516 0.9984431587170092 0
    outer loop
      vertex 21.995 24.00502790697231 -17.277066973777703
      vertex 21.995 24.00502790697231 17.277066973777703
      vertex 39.521734164923764 24.98417000596806 -12.811055840870353
    endloop
  endfacet
  facet normal -0.11905917709889284 0.9590553508115341 0.25697810495896295
    outer loop
      vertex 42.67186435254651 25.31605317877425 -12.590190428318094
      vertex 42.57785972879462 25.154902395199578 -12.032320301015753
      vertex 62.2175 26.252083331346512 -7.027916669845581
    endloop
  endfacet
  facet normal -0.05577865910185511 0.9984431587170093 0
    outer loop
      vertex 42.57785972879462 25.154902395199578 -12.032320301015753
      vertex 42.57785972879462 25.154902395199578 12.032320301015753
      vertex 62.2175 26.252083331346512 -7.027916669845581
    endloop
  endfacet
  facet normal -0.055778659101855164 -0.9984431587170093 -5.510422732189134e-19
    outer loop
      vertex 21.995 35.99497209302769 -17.277066973777703
      vertex 62.2175 33.74791666865349 -7.027916669845581
      vertex 62.2175 33.74791666865349 7.027916669845581
    endloop
  endfacet
  facet normal -0.2649941082960413 0.24956627350285257 0.9313940077637849
    outer loop
      vertex 21.995 25.204520925785914 -19.354066136536556
      vertex 64.905 27.360000006854534 -7.723153531551361
      vertex 64.905 28.020000003278255 -7.899999998509884
    endloop
  endfacet
  facet normal -0.2646351958340308 0 0.9643485952319752
    outer loop
      vertex 64.905 28.020000003278255 -7.899999998509884
      vertex 64.905 31.979999996721745 -7.899999998509884
      vertex 21.995 33.596609303805714 -19.675302321117282
    endloop
  endfacet
  facet normal -0.2649941082960413 -0.24956627350285276 0.9313940077637848
    outer loop
      vertex 21.995 34.795479074214086 -19.354066136536556
      vertex 64.905 31.979999996721745 -7.899999998509884
      vertex 64.905 32.639999993145466 -7.723153531551361
    endloop
  endfacet
  facet normal -0.11905917735507963 0.9590553505256222 0.25697810590730813
    outer loop
      vertex 42.67186435254651 25.31605317877425 -12.590190428318094
      vertex 62.2175 26.252083331346512 -7.027916669845581
      vertex 62.2175 26.452933579683304 -7.777500003576279
    endloop
  endfacet
  facet normal -0.24523264203324058 0.6855147523144183 0.6855147523144183
    outer loop
      vertex 62.2175 26.452933579683304 -7.777500003576279
      vertex 64.905 27.360000006854534 -7.723153531551361
      vertex 62.2175 27.00166666507721 -8.326233088970184
    endloop
  endfacet
  facet normal -0.2452326420332406 0.6855147523144183 0.6855147523144183
    outer loop
      vertex 62.2175 26.452933579683304 -7.777500003576279
      vertex 64.905 26.876846469938755 -7.239999994635582
      vertex 64.905 27.360000006854534 -7.723153531551361
    endloop
  endfacet
  facet normal -0.20000000204687435 0.9464101612983765 0.2535898376757862
    outer loop
      vertex 62.2175 26.252083331346512 -7.027916669845581
      vertex 64.905 26.700000002980232 -6.579999998211861
      vertex 62.2175 26.452933579683304 -7.777500003576279
    endloop
  endfacet
  facet normal -0.2000000028238928 0.9464101606299633 0.25358983955752273
    outer loop
      vertex 62.2175 26.452933579683304 -7.777500003576279
      vertex 64.905 26.700000002980232 -6.579999998211861
      vertex 64.905 26.876846469938755 -7.239999994635582
    endloop
  endfacet
  facet normal -0.1643989890791446 0.9863939235365125 0
    outer loop
      vertex 62.2175 26.252083331346512 -7.027916669845581
      vertex 62.2175 26.252083331346512 7.027916669845581
      vertex 64.905 26.700000002980232 -6.579999998211861
    endloop
  endfacet
  facet normal -0.24523264203324058 -0.6855147523144183 0.6855147523144183
    outer loop
      vertex 62.2175 32.99833333492279 -8.326233088970184
      vertex 64.905 32.639999993145466 -7.723153531551361
      vertex 62.2175 33.547066420316696 -7.777500003576279
    endloop
  endfacet
  facet normal -0.2452326420332406 -0.6855147523144183 0.6855147523144183
    outer loop
      vertex 62.2175 33.547066420316696 -7.777500003576279
      vertex 64.905 32.639999993145466 -7.723153531551361
      vertex 64.905 33.123153530061245 -7.239999994635582
    endloop
  endfacet
  facet normal -0.20000000204687435 -0.9464101612983765 0.2535898376757862
    outer loop
      vertex 62.2175 33.547066420316696 -7.777500003576279
      vertex 64.905 33.29999999701977 -6.579999998211861
      vertex 62.2175 33.74791666865349 -7.027916669845581
    endloop
  endfacet
  facet normal -0.2000000028238928 -0.9464101606299633 0.25358983955752273
    outer loop
      vertex 62.2175 33.547066420316696 -7.777500003576279
      vertex 64.905 33.123153530061245 -7.239999994635582
      vertex 64.905 33.29999999701977 -6.579999998211861
    endloop
  endfacet
  facet normal -0.16439898907914466 -0.9863939235365127 0
    outer loop
      vertex 62.2175 33.74791666865349 -7.027916669845581
      vertex 64.905 33.29999999701977 -6.579999998211861
      vertex 64.905 33.29999999701977 6.579999998211861
    endloop
  endfacet
  facet normal -1 0 0
    outer loop
      vertex 64.905 26.876846469938755 -7.239999994635582
      vertex 64.905 28.020000003278255 -7.899999998509884
      vertex 64.905 27.360000006854534 -7.723153531551361
    endloop
  endfacet
  facet normal -1 0 0
    outer loop
      vertex 64.905 26.876846469938755 -7.239999994635582
      vertex 64.905 26.700000002980232 -6.579999998211861
      vertex 64.905 28.020000003278255 -7.899999998509884
    endloop
  endfacet
  facet normal -1 0 0
    outer loop
      vertex 64.905 26.700000002980232 -6.579999998211861
      vertex 64.905 33.123153530061245 -7.239999994635582
      vertex 64.905 28.020000003278255 -7.899999998509884
    endloop
  endfacet
  facet normal -1 0 0
    outer loop
      vertex 64.905 28.020000003278255 -7.899999998509884
      vertex 64.905 33.123153530061245 -7.239999994635582
      vertex 64.905 31.979999996721745 -7.899999998509884
    endloop
  endfacet
  facet normal -1 0 0
    outer loop
      vertex 64.905 31.979999996721745 -7.899999998509884
      vertex 64.905 33.123153530061245 -7.239999994635582
      vertex 64.905 32.639999993145466 -7.723153531551361
    endloop
  endfacet
  facet normal -1 0 0
    outer loop
      vertex 64.905 26.700000002980232 -6.579999998211861
      vertex 64.905 26.876846469938755 7.239999994635582
      vertex 64.905 33.123153530061245 -7.239999994635582
    endloop
  endfacet
  facet normal -1 0 0
    outer loop
      vertex 64.905 33.123153530061245 -7.239999994635582
      vertex 64.905 33.29999999701977 6.579999998211861
      vertex 64.905 33.29999999701977 -6.579999998211861
    endloop
  endfacet
  facet normal -0.055778659101855164 0.9984431587170093 0
    outer loop
      vertex 39.521734164923764 24.98417000596806 -12.811055840870353
      vertex 21.995 24.00502790697231 17.277066973777703
      vertex 39.521734164923764 24.98417000596806 12.811055840870353
    endloop
  endfacet
  facet normal -0.055778659101855164 -0.9984431587170093 0
    outer loop
      vertex 21.995 35.99497209302769 -17.277066973777703
      vertex 62.2175 33.74791666865349 7.027916669845581
      vertex 21.995 35.99497209302769 17.277066973777703
    endloop
  endfacet
  facet normal -0.11905917709889284 0.9590553508115341 -0.25697810495896295
    outer loop
      vertex 42.57785972879462 25.154902395199578 12.032320301015753
      vertex 42.67186435254651 25.31605317877425 12.590190428318094
      vertex 62.2175 26.252083331346512 7.027916669845581
    endloop
  endfacet
  facet normal -0.11905917709889259 0.9590553508115343 -0.2569781049589619
    outer loop
      vertex 21.995 24.00502790697231 17.277066973777703
      vertex 39.41900595386083 25.16027551064738 13.515885004712878
      vertex 39.521734164923764 24.98417000596806 12.811055840870353
    endloop
  endfacet
  facet normal -0.11905917735507969 0.9590553505256221 -0.2569781059073083
    outer loop
      vertex 21.995 24.325849081873894 18.47438790698384
      vertex 39.36962688779311 25.24492533819204 13.8546800188055
      vertex 39.41900595386083 25.16027551064738 13.515885004712878
    endloop
  endfacet
  facet normal -0.2199443481056427 0.689791448097315 -0.6897914480973166
    outer loop
      vertex 21.995 24.326297491730646 18.47606139535682
      vertex 39.25 25.450000002980232 14.097898470276084
      vertex 39.36962688779311 25.24492533819204 13.8546800188055
    endloop
  endfacet
  facet normal -0.21994434810564234 0.6897914480973173 -0.6897914480973145
    outer loop
      vertex 21.995 24.326297491730646 18.47606139535682
      vertex 21.995 25.204022321117478 19.353786224743654
      vertex 62.2175 27.00166666507721 8.326233088970184
    endloop
  endfacet
  facet normal -0.25249103169402476 0.4736649414387861 -0.8437356233832244
    outer loop
      vertex 21.995 25.204022321117478 19.353786224743654
      vertex 21.995 25.204520925785914 19.354066136536556
      vertex 62.2175 27.00166666507721 8.326233088970184
    endloop
  endfacet
  facet normal -0.1190591770988926 0.9590553508115344 -0.2569781049589618
    outer loop
      vertex 21.995 24.00502790697231 17.277066973777703
      vertex 21.995 24.325849081873894 18.47438790698384
      vertex 39.41900595386083 25.16027551064738 13.515885004712878
    endloop
  endfacet
  facet normal -0.11905917735506412 0.9590553505256407 -0.25697810590724585
    outer loop
      vertex 21.995 24.326297491730646 18.47606139535682
      vertex 39.36962688779311 25.24492533819204 13.8546800188055
      vertex 21.995 24.325849081873894 18.47438790698384
    endloop
  endfacet
  facet normal -0.1190591770988932 -0.9590553508115336 -0.2569781049589644
    outer loop
      vertex 21.995 35.6741509181261 18.47438790698384
      vertex 21.995 35.99497209302769 17.277066973777703
      vertex 62.2175 33.74791666865349 7.027916669845581
    endloop
  endfacet
  facet normal -0.21994434810564265 -0.6897914480973159 -0.6897914480973159
    outer loop
      vertex 21.995 34.79597767888252 19.353786224743654
      vertex 21.995 35.67370250826936 18.47606139535682
      vertex 62.2175 33.547066420316696 7.777500003576279
    endloop
  endfacet
  facet normal -0.25249103169402476 -0.4736649414387861 -0.8437356233832244
    outer loop
      vertex 21.995 34.795479074214086 19.354066136536556
      vertex 21.995 34.79597767888252 19.353786224743654
      vertex 62.2175 32.99833333492279 8.326233088970184
    endloop
  endfacet
  facet normal -0.11905917735412103 -0.9590553505267679 -0.25697810590347586
    outer loop
      vertex 21.995 35.6741509181261 18.47438790698384
      vertex 62.2175 33.547066420316696 7.777500003576279
      vertex 21.995 35.67370250826936 18.47606139535682
    endloop
  endfacet
  facet normal -0.2649941082960433 0.24956627350248192 -0.9313940077638836
    outer loop
      vertex 21.995 25.204520925785914 19.354066136536556
      vertex 21.995 25.205902321127265 19.354436280304608
      vertex 64.905 28.020000003278255 7.899999998509884
    endloop
  endfacet
  facet normal -0.26499410831163506 0.24956627068074805 -0.9313940085155289
    outer loop
      vertex 21.995 25.205902321127265 19.354436280304608
      vertex 21.995 26.403390696194283 19.675302321117282
      vertex 64.905 28.020000003278255 7.899999998509884
    endloop
  endfacet
  facet normal -0.21994434810564156 0.6897914480973208 -0.6897914480973112
    outer loop
      vertex 21.995 24.326297491730646 18.47606139535682
      vertex 62.2175 27.00166666507721 8.326233088970184
      vertex 39.25 25.450000002980232 14.097898470276084
    endloop
  endfacet
  facet normal -0.21994434810564278 0.6897914480973144 -0.6897914480973171
    outer loop
      vertex 42.75 25.450000002980232 12.981901424367297
      vertex 39.25 25.450000002980232 14.097898470276084
      vertex 62.2175 27.00166666507721 8.326233088970184
    endloop
  endfacet
  facet normal -0.11905917735507875 0.9590553505256233 -0.2569781059073044
    outer loop
      vertex 42.67186435254651 25.31605317877425 12.590190428318094
      vertex 42.73414107162504 25.422813268623155 12.95977140921529
      vertex 62.2175 26.452933579683304 7.777500003576279
    endloop
  endfacet
  facet normal -0.2199443481056454 0.6897914480972969 -0.689791448097334
    outer loop
      vertex 42.73414107162504 25.422813268623155 12.95977140921529
      vertex 42.75 25.450000002980232 12.981901424367297
      vertex 62.2175 27.00166666507721 8.326233088970184
    endloop
  endfacet
  facet normal -0.2524910316937893 0.4736649414411173 -0.8437356233819863
    outer loop
      vertex 21.995 25.204520925785914 19.354066136536556
      vertex 64.905 27.360000006854534 7.723153531551361
      vertex 62.2175 27.00166666507721 8.326233088970184
    endloop
  endfacet
  facet normal -0.2646351958340308 0 -0.9643485952319754
    outer loop
      vertex 21.995 26.403390696194283 19.675302321117282
      vertex 21.995 33.596609303805714 19.675302321117282
      vertex 64.905 31.979999996721745 7.899999998509884
    endloop
  endfacet
  facet normal -0.264994108311635 -0.24956627068074805 -0.9313940085155289
    outer loop
      vertex 21.995 33.596609303805714 19.675302321117282
      vertex 21.995 34.79409767887273 19.354436280304608
      vertex 64.905 31.979999996721745 7.899999998509884
    endloop
  endfacet
  facet normal -0.26499410829604664 -0.24956627350188285 -0.9313940077640431
    outer loop
      vertex 21.995 34.795479074214086 19.354066136536556
      vertex 64.905 31.979999996721745 7.899999998509884
      vertex 21.995 34.79409767887273 19.354436280304608
    endloop
  endfacet
  facet normal -0.2524910316937893 -0.4736649414411171 -0.8437356233819863
    outer loop
      vertex 21.995 34.795479074214086 19.354066136536556
      vertex 62.2175 32.99833333492279 8.326233088970184
      vertex 64.905 32.639999993145466 7.723153531551361
    endloop
  endfacet
  facet normal -0.11905917735507947 -0.9590553505256222 -0.2569781059073082
    outer loop
      vertex 21.995 35.6741509181261 18.47438790698384
      vertex 62.2175 33.74791666865349 7.027916669845581
      vertex 62.2175 33.547066420316696 7.777500003576279
    endloop
  endfacet
  facet normal -0.21994434810564265 -0.6897914480973159 -0.6897914480973156
    outer loop
      vertex 21.995 34.79597767888252 19.353786224743654
      vertex 62.2175 33.547066420316696 7.777500003576279
      vertex 62.2175 32.99833333492279 8.326233088970184
    endloop
  endfacet
  facet normal -0.0557786591018551 0.9984431587170093 0
    outer loop
      vertex 62.2175 26.252083331346512 -7.027916669845581
      vertex 42.57785972879462 25.154902395199578 12.032320301015753
      vertex 62.2175 26.252083331346512 7.027916669845581
    endloop
  endfacet
  facet normal -0.16439898907914466 0.9863939235365127 0
    outer loop
      vertex 64.905 26.700000002980232 -6.579999998211861
      vertex 62.2175 26.252083331346512 7.027916669845581
      vertex 64.905 26.700000002980232 6.579999998211861
    endloop
  endfacet
  facet normal -0.11905917735507958 0.9590553505256222 -0.25697810590730796
    outer loop
      vertex 42.67186435254651 25.31605317877425 12.590190428318094
      vertex 62.2175 26.452933579683304 7.777500003576279
      vertex 62.2175 26.252083331346512 7.027916669845581
    endloop
  endfacet
  facet normal -0.21994434810564262 0.6897914480973156 -0.689791448097316
    outer loop
      vertex 42.73414107162504 25.422813268623155 12.95977140921529
      vertex 62.2175 27.00166666507721 8.326233088970184
      vertex 62.2175 26.452933579683304 7.777500003576279
    endloop
  endfacet
  facet normal -0.20000000204687435 0.9464101612983765 -0.2535898376757862
    outer loop
      vertex 62.2175 26.252083331346512 7.027916669845581
      vertex 62.2175 26.452933579683304 7.777500003576279
      vertex 64.905 26.700000002980232 6.579999998211861
    endloop
  endfacet
  facet normal -0.2000000028238928 0.9464101606299633 -0.25358983955752273
    outer loop
      vertex 62.2175 26.452933579683304 7.777500003576279
      vertex 64.905 26.876846469938755 7.239999994635582
      vertex 64.905 26.700000002980232 6.579999998211861
    endloop
  endfacet
  facet normal -0.24523264203324058 0.6855147523144183 -0.6855147523144183
    outer loop
      vertex 62.2175 26.452933579683304 7.777500003576279
      vertex 62.2175 27.00166666507721 8.326233088970184
      vertex 64.905 26.876846469938755 7.239999994635582
    endloop
  endfacet
  facet normal -0.2452326420332406 0.6855147523144183 -0.6855147523144183
    outer loop
      vertex 62.2175 27.00166666507721 8.326233088970184
      vertex 64.905 27.360000006854534 7.723153531551361
      vertex 64.905 26.876846469938755 7.239999994635582
    endloop
  endfacet
  facet normal -0.1643989890791446 -0.9863939235365125 0
    outer loop
      vertex 62.2175 33.74791666865349 -7.027916669845581
      vertex 64.905 33.29999999701977 6.579999998211861
      vertex 62.2175 33.74791666865349 7.027916669845581
    endloop
  endfacet
  facet normal -0.20000000204687435 -0.9464101612983765 -0.2535898376757862
    outer loop
      vertex 62.2175 33.547066420316696 7.777500003576279
      vertex 62.2175 33.74791666865349 7.027916669845581
      vertex 64.905 33.29999999701977 6.579999998211861
    endloop
  endfacet
  facet normal -0.2000000028238928 -0.9464101606299633 -0.25358983955752273
    outer loop
      vertex 62.2175 33.547066420316696 7.777500003576279
      vertex 64.905 33.29999999701977 6.579999998211861
      vertex 64.905 33.123153530061245 7.239999994635582
    endloop
  endfacet
  facet normal -0.24523264203324058 -0.6855147523144183 -0.6855147523144183
    outer loop
      vertex 62.2175 32.99833333492279 8.326233088970184
      vertex 62.2175 33.547066420316696 7.777500003576279
      vertex 64.905 32.639999993145466 7.723153531551361
    endloop
  endfacet
  facet normal -0.2452326420332406 -0.6855147523144183 -0.6855147523144183
    outer loop
      vertex 62.2175 33.547066420316696 7.777500003576279
      vertex 64.905 33.123153530061245 7.239999994635582
      vertex 64.905 32.639999993145466 7.723153531551361
    endloop
  endfacet
  facet normal -1 0 0
    outer loop
      vertex 64.905 26.700000002980232 -6.579999998211861
      vertex 64.905 26.700000002980232 6.579999998211861
      vertex 64.905 26.876846469938755 7.239999994635582
    endloop
  endfacet
  facet normal -1 0 0
    outer loop
      vertex 64.905 26.876846469938755 7.239999994635582
      vertex 64.905 33.123153530061245 7.239999994635582
      vertex 64.905 33.123153530061245 -7.239999994635582
    endloop
  endfacet
  facet normal -1 0 0
    outer loop
      vertex 64.905 33.123153530061245 -7.239999994635582
      vertex 64.905 33.123153530061245 7.239999994635582
      vertex 64.905 33.29999999701977 6.579999998211861
    endloop
  endfacet
  facet normal -1 0 0
    outer loop
      vertex 64.905 26.876846469938755 7.239999994635582
      vertex 64.905 27.360000006854534 7.723153531551361
      vertex 64.905 33.123153530061245 7.239999994635582
    endloop
  endfacet
  facet normal -1 0 0
    outer loop
      vertex 64.905 27.360000006854534 7.723153531551361
      vertex 64.905 28.020000003278255 7.899999998509884
      vertex 64.905 33.123153530061245 7.239999994635582
    endloop
  endfacet
  facet normal -1 0 0
    outer loop
      vertex 64.905 28.020000003278255 7.899999998509884
      vertex 64.905 31.979999996721745 7.899999998509884
      vertex 64.905 33.123153530061245 7.239999994635582
    endloop
  endfacet
  facet normal -1 0 0
    outer loop
      vertex 64.905 31.979999996721745 7.899999998509884
      vertex 64.905 32.639999993145466 7.723153531551361
      vertex 64.905 33.123153530061245 7.239999994635582
    endloop
  endfacet
  facet normal -0.2649941082960413 0.24956627350285276 -0.9313940077637848
    outer loop
      vertex 21.995 25.204520925785914 19.354066136536556
      vertex 64.905 28.020000003278255 7.899999998509884
      vertex 64.905 27.360000006854534 7.723153531551361
    endloop
  endfacet
  facet normal -0.2646351958340308 1.390049041366072e-16 -0.9643485952319752
    outer loop
      vertex 21.995 26.403390696194283 19.675302321117282
      vertex 64.905 31.979999996721745 7.899999998509884
      vertex 64.905 28.020000003278255 7.899999998509884
    endloop
  endfacet
  facet normal -0.2649941082960413 -0.24956627350285257 -0.9313940077637849
    outer loop
      vertex 21.995 34.795479074214086 19.354066136536556
      vertex 64.905 32.639999993145466 7.723153531551361
      vertex 64.905 31.979999996721745 7.899999998509884
    endloop
  endfacet
  facet normal -0.11905917735412103 0.9590553505267679 0.25697810590347586
    outer loop
      vertex 21.995 -35.67370250826936 -18.47606139535682
      vertex 21.995 -35.6741509181261 -18.47438790698384
      vertex 62.2175 -33.547066420316696 -7.777500003576279
    endloop
  endfacet
  facet normal -0.25249103169402476 0.4736649414387861 0.8437356233832244
    outer loop
      vertex 21.995 -34.79597767888252 -19.353786224743654
      vertex 62.2175 -32.99833333492279 -8.326233088970184
      vertex 21.995 -34.795479074214086 -19.354066136536556
    endloop
  endfacet
  facet normal -0.21994434810564265 0.6897914480973159 0.6897914480973159
    outer loop
      vertex 21.995 -34.79597767888252 -19.353786224743654
      vertex 21.995 -35.67370250826936 -18.47606139535682
      vertex 62.2175 -32.99833333492279 -8.326233088970184
    endloop
  endfacet
  facet normal -0.1190591770988932 0.9590553508115336 0.2569781049589644
    outer loop
      vertex 21.995 -35.6741509181261 -18.47438790698384
      vertex 21.995 -35.99497209302769 -17.277066973777703
      vertex 62.2175 -33.74791666865349 -7.027916669845581
    endloop
  endfacet
  facet normal -0.2199443481056423 -0.6897914480973173 0.6897914480973145
    outer loop
      vertex 21.995 -24.326297491730646 -18.47606139535682
      vertex 21.995 -25.204022321117478 -19.353786224743654
      vertex 39.25 -25.450000002980232 -14.097898470276085
    endloop
  endfacet
  facet normal -0.11905917735506412 -0.9590553505256407 0.25697810590724585
    outer loop
      vertex 21.995 -24.325849081873894 -18.47438790698384
      vertex 21.995 -24.326297491730646 -18.47606139535682
      vertex 39.36962688779311 -25.24492533819204 -13.8546800188055
    endloop
  endfacet
  facet normal -0.1190591770988926 -0.9590553508115344 0.2569781049589618
    outer loop
      vertex 21.995 -24.325849081873894 -18.47438790698384
      vertex 39.41900595386083 -25.16027551064738 -13.515885004712878
      vertex 21.995 -24.00502790697231 -17.277066973777703
    endloop
  endfacet
  facet normal -0.21994434810564215 -0.689791448097318 0.6897914480973139
    outer loop
      vertex 21.995 -24.326297491730646 -18.47606139535682
      vertex 39.25 -25.450000002980232 -14.097898470276085
      vertex 39.36962688779311 -25.24492533819204 -13.8546800188055
    endloop
  endfacet
  facet normal -0.11905917735507969 -0.9590553505256221 0.2569781059073083
    outer loop
      vertex 21.995 -24.325849081873894 -18.47438790698384
      vertex 39.36962688779311 -25.24492533819204 -13.8546800188055
      vertex 39.41900595386083 -25.16027551064738 -13.515885004712878
    endloop
  endfacet
  facet normal -0.25249103169402476 -0.4736649414387861 0.8437356233832244
    outer loop
      vertex 21.995 -25.204022321117478 -19.353786224743654
      vertex 21.995 -25.204520925785914 -19.354066136536556
      vertex 62.2175 -27.00166666507721 -8.326233088970184
    endloop
  endfacet
  facet normal -0.11905917709889259 -0.9590553508115343 0.2569781049589619
    outer loop
      vertex 21.995 -24.00502790697231 -17.277066973777703
      vertex 39.41900595386083 -25.16027551064738 -13.515885004712878
      vertex 39.521734164923764 -24.98417000596806 -12.811055840870353
    endloop
  endfacet
  facet normal -0.26499410829604664 0.24956627350188285 0.9313940077640431
    outer loop
      vertex 21.995 -34.79409767887273 -19.354436280304608
      vertex 21.995 -34.795479074214086 -19.354066136536556
      vertex 64.905 -31.979999996721745 -7.899999998509884
    endloop
  endfacet
  facet normal -0.264994108311635 0.24956627068074805 0.9313940085155289
    outer loop
      vertex 21.995 -33.596609303805714 -19.675302321117282
      vertex 21.995 -34.79409767887273 -19.354436280304608
      vertex 64.905 -31.979999996721745 -7.899999998509884
    endloop
  endfacet
  facet normal -0.2646351958340308 0 0.9643485952319754
    outer loop
      vertex 21.995 -26.403390696194283 -19.675302321117282
      vertex 21.995 -33.596609303805714 -19.675302321117282
      vertex 64.905 -28.020000003278255 -7.899999998509884
    endloop
  endfacet
  facet normal -0.21994434810564253 0.6897914480973161 0.6897914480973156
    outer loop
      vertex 21.995 -35.67370250826936 -18.47606139535682
      vertex 62.2175 -33.547066420316696 -7.777500003576279
      vertex 62.2175 -32.99833333492279 -8.326233088970184
    endloop
  endfacet
  facet normal -0.11905917735507947 0.9590553505256222 0.2569781059073082
    outer loop
      vertex 21.995 -35.6741509181261 -18.47438790698384
      vertex 62.2175 -33.74791666865349 -7.027916669845581
      vertex 62.2175 -33.547066420316696 -7.777500003576279
    endloop
  endfacet
  facet normal -0.2524910316937893 0.4736649414411171 0.8437356233819863
    outer loop
      vertex 21.995 -34.795479074214086 -19.354066136536556
      vertex 62.2175 -32.99833333492279 -8.326233088970184
      vertex 64.905 -32.639999993145466 -7.723153531551361
    endloop
  endfacet
  facet normal -0.26499410831163506 -0.24956627068074805 0.9313940085155289
    outer loop
      vertex 21.995 -25.205902321127265 -19.354436280304608
      vertex 21.995 -26.403390696194283 -19.675302321117282
      vertex 64.905 -28.020000003278255 -7.899999998509884
    endloop
  endfacet
  facet normal -0.2649941082960433 -0.24956627350248192 0.9313940077638836
    outer loop
      vertex 21.995 -25.204520925785914 -19.354066136536556
      vertex 21.995 -25.205902321127265 -19.354436280304608
      vertex 64.905 -28.020000003278255 -7.899999998509884
    endloop
  endfacet
  facet normal -0.21994434810564245 -0.6897914480973166 0.6897914480973151
    outer loop
      vertex 21.995 -25.204022321117478 -19.353786224743654
      vertex 62.2175 -26.452933579683304 -7.777500003576279
      vertex 39.25 -25.450000002980232 -14.097898470276085
    endloop
  endfacet
  facet normal -0.2524910316937893 -0.4736649414411173 0.8437356233819863
    outer loop
      vertex 21.995 -25.204520925785914 -19.354066136536556
      vertex 64.905 -27.360000006854534 -7.723153531551361
      vertex 62.2175 -27.00166666507721 -8.326233088970184
    endloop
  endfacet
  facet normal -0.2199443481056423 -0.6897914480973173 0.6897914480973145
    outer loop
      vertex 39.25 -25.450000002980232 -14.097898470276085
      vertex 62.2175 -26.452933579683304 -7.777500003576279
      vertex 42.75 -25.450000002980232 -12.981901424367297
    endloop
  endfacet
  facet normal -0.21994434810564267 -0.6897914480973156 0.6897914480973161
    outer loop
      vertex 21.995 -25.204022321117478 -19.353786224743654
      vertex 62.2175 -27.00166666507721 -8.326233088970184
      vertex 62.2175 -26.452933579683304 -7.777500003576279
    endloop
  endfacet
  facet normal -0.2199443481056463 -0.6897914480972971 0.6897914480973334
    outer loop
      vertex 42.73414107162504 -25.422813268623155 -12.95977140921529
      vertex 42.75 -25.450000002980232 -12.981901424367297
      vertex 62.2175 -26.452933579683304 -7.777500003576279
    endloop
  endfacet
  facet normal -0.11905917735507876 -0.9590553505256233 0.2569781059073044
    outer loop
      vertex 42.73414107162504 -25.422813268623155 -12.95977140921529
      vertex 62.2175 -26.452933579683304 -7.777500003576279
      vertex 42.67186435254651 -25.31605317877425 -12.590190428318094
    endloop
  endfacet
  facet normal -0.05577865910185516 -0.9984431587170092 0
    outer loop
      vertex 21.995 -24.00502790697231 -17.277066973777703
      vertex 39.521734164923764 -24.98417000596806 -12.811055840870353
      vertex 21.995 -24.00502790697231 17.277066973777703
    endloop
  endfacet
  facet normal -0.055778659101855164 0.9984431587170093 5.510422732189133e-19
    outer loop
      vertex 21.995 -35.99497209302769 -17.277066973777703
      vertex 62.2175 -33.74791666865349 7.027916669845581
      vertex 62.2175 -33.74791666865349 -7.027916669845581
    endloop
  endfacet
  facet normal -0.11905917709889284 -0.9590553508115341 0.256978104958963
    outer loop
      vertex 42.67186435254651 -25.31605317877425 -12.590190428318094
      vertex 62.2175 -26.252083331346512 -7.027916669845581
      vertex 42.57785972879462 -25.154902395199578 -12.032320301015753
    endloop
  endfacet
  facet normal -0.05577865910185511 -0.9984431587170093 0
    outer loop
      vertex 42.57785972879462 -25.154902395199578 -12.032320301015753
      vertex 62.2175 -26.252083331346512 -7.027916669845581
      vertex 42.57785972879462 -25.154902395199578 12.032320301015753
    endloop
  endfacet
  facet normal -0.2649941082960413 0.24956627350285257 0.9313940077637849
    outer loop
      vertex 21.995 -34.795479074214086 -19.354066136536556
      vertex 64.905 -32.639999993145466 -7.723153531551361
      vertex 64.905 -31.979999996721745 -7.899999998509884
    endloop
  endfacet
  facet normal -0.2646351958340308 0 0.9643485952319752
    outer loop
      vertex 64.905 -28.020000003278255 -7.899999998509884
      vertex 21.995 -33.596609303805714 -19.675302321117282
      vertex 64.905 -31.979999996721745 -7.899999998509884
    endloop
  endfacet
  facet normal -0.2649941082960413 -0.24956627350285276 0.9313940077637848
    outer loop
      vertex 21.995 -25.204520925785914 -19.354066136536556
      vertex 64.905 -28.020000003278255 -7.899999998509884
      vertex 64.905 -27.360000006854534 -7.723153531551361
    endloop
  endfacet
  facet normal -0.24523264203324058 0.6855147523144183 0.6855147523144183
    outer loop
      vertex 62.2175 -32.99833333492279 -8.326233088970184
      vertex 62.2175 -33.547066420316696 -7.777500003576279
      vertex 64.905 -32.639999993145466 -7.723153531551361
    endloop
  endfacet
  facet normal -0.2452326420332406 0.6855147523144183 0.6855147523144183
    outer loop
      vertex 62.2175 -33.547066420316696 -7.777500003576279
      vertex 64.905 -33.123153530061245 -7.239999994635582
      vertex 64.905 -32.639999993145466 -7.723153531551361
    endloop
  endfacet
  facet normal -0.20000000204687435 0.9464101612983765 0.2535898376757862
    outer loop
      vertex 62.2175 -33.547066420316696 -7.777500003576279
      vertex 62.2175 -33.74791666865349 -7.027916669845581
      vertex 64.905 -33.29999999701977 -6.579999998211861
    endloop
  endfacet
  facet normal -0.2000000028238928 0.9464101606299633 0.25358983955752273
    outer loop
      vertex 62.2175 -33.547066420316696 -7.777500003576279
      vertex 64.905 -33.29999999701977 -6.579999998211861
      vertex 64.905 -33.123153530061245 -7.239999994635582
    endloop
  endfacet
  facet normal -0.16439898907914466 0.9863939235365127 0
    outer loop
      vertex 62.2175 -33.74791666865349 -7.027916669845581
      vertex 64.905 -33.29999999701977 6.579999998211861
      vertex 64.905 -33.29999999701977 -6.579999998211861
    endloop
  endfacet
  facet normal -0.11905917735507958 -0.9590553505256222 0.25697810590730796
    outer loop
      vertex 42.67186435254651 -25.31605317877425 -12.590190428318094
      vertex 62.2175 -26.452933579683304 -7.777500003576279
      vertex 62.2175 -26.252083331346512 -7.027916669845581
    endloop
  endfacet
  facet normal -0.24523264203324058 -0.6855147523144183 0.6855147523144183
    outer loop
      vertex 62.2175 -26.452933579683304 -7.777500003576279
      vertex 62.2175 -27.00166666507721 -8.326233088970184
      vertex 64.905 -27.360000006854534 -7.723153531551361
    endloop
  endfacet
  facet normal -0.2452326420332406 -0.6855147523144183 0.6855147523144183
    outer loop
      vertex 62.2175 -26.452933579683304 -7.777500003576279
      vertex 64.905 -27.360000006854534 -7.723153531551361
      vertex 64.905 -26.876846469938755 -7.239999994635582
    endloop
  endfacet
  facet normal -0.20000000204687435 -0.9464101612983765 0.2535898376757862
    outer loop
      vertex 62.2175 -26.252083331346512 -7.027916669845581
      vertex 62.2175 -26.452933579683304 -7.777500003576279
      vertex 64.905 -26.700000002980232 -6.579999998211861
    endloop
  endfacet
  facet normal -0.2000000028238928 -0.9464101606299633 0.25358983955752273
    outer loop
      vertex 62.2175 -26.452933579683304 -7.777500003576279
      vertex 64.905 -26.876846469938755 -7.239999994635582
      vertex 64.905 -26.700000002980232 -6.579999998211861
    endloop
  endfacet
  facet normal -0.1643989890791446 -0.9863939235365125 0
    outer loop
      vertex 62.2175 -26.252083331346512 -7.027916669845581
      vertex 64.905 -26.700000002980232 -6.579999998211861
      vertex 62.2175 -26.252083331346512 7.027916669845581
    endloop
  endfacet
  facet normal -1 0 0
    outer loop
      vertex 64.905 -31.979999996721745 -7.899999998509884
      vertex 64.905 -32.639999993145466 -7.723153531551361
      vertex 64.905 -33.123153530061245 -7.239999994635582
    endloop
  endfacet
  facet normal -1 0 0
    outer loop
      vertex 64.905 -28.020000003278255 -7.899999998509884
      vertex 64.905 -31.979999996721745 -7.899999998509884
      vertex 64.905 -33.123153530061245 -7.239999994635582
    endloop
  endfacet
  facet normal -1 0 0
    outer loop
      vertex 64.905 -26.700000002980232 -6.579999998211861
      vertex 64.905 -28.020000003278255 -7.899999998509884
      vertex 64.905 -33.123153530061245 -7.239999994635582
    endloop
  endfacet
  facet normal -1 0 0
    outer loop
      vertex 64.905 -33.123153530061245 -7.239999994635582
      vertex 64.905 -33.29999999701977 -6.579999998211861
      vertex 64.905 -33.29999999701977 6.579999998211861
    endloop
  endfacet
  facet normal -1 0 0
    outer loop
      vertex 64.905 -26.700000002980232 -6.579999998211861
      vertex 64.905 -33.123153530061245 -7.239999994635582
      vertex 64.905 -26.876846469938755 7.239999994635582
    endloop
  endfacet
  facet normal -1 0 0
    outer loop
      vertex 64.905 -26.876846469938755 -7.239999994635582
      vertex 64.905 -27.360000006854534 -7.723153531551361
      vertex 64.905 -28.020000003278255 -7.899999998509884
    endloop
  endfacet
  facet normal -1 0 0
    outer loop
      vertex 64.905 -26.876846469938755 -7.239999994635582
      vertex 64.905 -28.020000003278255 -7.899999998509884
      vertex 64.905 -26.700000002980232 -6.579999998211861
    endloop
  endfacet
  facet normal -0.055778659101855164 0.9984431587170093 0
    outer loop
      vertex 21.995 -35.99497209302769 -17.277066973777703
      vertex 21.995 -35.99497209302769 17.277066973777703
      vertex 62.2175 -33.74791666865349 7.027916669845581
    endloop
  endfacet
  facet normal -0.055778659101855164 -0.9984431587170093 0
    outer loop
      vertex 39.521734164923764 -24.98417000596806 -12.811055840870353
      vertex 39.521734164923764 -24.98417000596806 12.811055840870353
      vertex 21.995 -24.00502790697231 17.277066973777703
    endloop
  endfacet
  facet normal -0.11905917709889285 -0.9590553508115341 -0.256978104958963
    outer loop
      vertex 42.57785972879462 -25.154902395199578 12.032320301015753
      vertex 62.2175 -26.252083331346512 7.027916669845581
      vertex 42.67186435254651 -25.31605317877425 12.590190428318094
    endloop
  endfacet
  facet normal -0.11905917709889322 0.9590553508115336 -0.2569781049589644
    outer loop
      vertex 21.995 -35.6741509181261 18.47438790698384
      vertex 62.2175 -33.74791666865349 7.027916669845581
      vertex 21.995 -35.99497209302769 17.277066973777703
    endloop
  endfacet
  facet normal -0.11905917735412103 0.9590553505267679 -0.25697810590347586
    outer loop
      vertex 21.995 -35.6741509181261 18.47438790698384
      vertex 21.995 -35.67370250826936 18.47606139535682
      vertex 62.2175 -33.547066420316696 7.777500003576279
    endloop
  endfacet
  facet normal -0.21994434810564265 0.6897914480973159 -0.6897914480973159
    outer loop
      vertex 21.995 -34.79597767888252 19.353786224743654
      vertex 62.2175 -33.547066420316696 7.777500003576279
      vertex 21.995 -35.67370250826936 18.47606139535682
    endloop
  endfacet
  facet normal -0.25249103169402476 0.4736649414387861 -0.8437356233832244
    outer loop
      vertex 21.995 -34.795479074214086 19.354066136536556
      vertex 62.2175 -32.99833333492279 8.326233088970184
      vertex 21.995 -34.79597767888252 19.353786224743654
    endloop
  endfacet
  facet normal -0.11905917709889259 -0.9590553508115345 -0.2569781049589616
    outer loop
      vertex 21.995 -24.00502790697231 17.277066973777703
      vertex 39.521734164923764 -24.98417000596806 12.811055840870353
      vertex 39.41900595386083 -25.16027551064738 13.515885004712878
    endloop
  endfacet
  facet normal -0.11905917735507969 -0.9590553505256222 -0.2569781059073082
    outer loop
      vertex 21.995 -24.325849081873894 18.47438790698384
      vertex 39.41900595386083 -25.16027551064738 13.515885004712878
      vertex 39.36962688779311 -25.24492533819204 13.8546800188055
    endloop
  endfacet
  facet normal -0.21994434810564256 -0.6897914480973157 -0.6897914480973157
    outer loop
      vertex 21.995 -24.326297491730646 18.47606139535682
      vertex 39.36962688779311 -25.24492533819204 13.8546800188055
      vertex 39.25 -25.450000002980232 14.097898470276084
    endloop
  endfacet
  facet normal -0.21994434810564234 -0.6897914480973173 -0.6897914480973145
    outer loop
      vertex 21.995 -24.326297491730646 18.47606139535682
      vertex 62.2175 -27.00166666507721 8.326233088970184
      vertex 21.995 -25.204022321117478 19.353786224743654
    endloop
  endfacet
  facet normal -0.25249103169402476 -0.4736649414387861 -0.8437356233832244
    outer loop
      vertex 21.995 -25.204022321117478 19.353786224743654
      vertex 62.2175 -27.00166666507721 8.326233088970184
      vertex 21.995 -25.204520925785914 19.354066136536556
    endloop
  endfacet
  facet normal -0.1190591770988926 -0.9590553508115344 -0.2569781049589618
    outer loop
      vertex 21.995 -24.00502790697231 17.277066973777703
      vertex 39.41900595386083 -25.16027551064738 13.515885004712878
      vertex 21.995 -24.325849081873894 18.47438790698384
    endloop
  endfacet
  facet normal -0.11905917735506412 -0.9590553505256407 -0.25697810590724585
    outer loop
      vertex 21.995 -24.326297491730646 18.47606139535682
      vertex 21.995 -24.325849081873894 18.47438790698384
      vertex 39.36962688779311 -25.24492533819204 13.8546800188055
    endloop
  endfacet
  facet normal -0.26499410829604664 0.24956627350188285 -0.9313940077640431
    outer loop
      vertex 21.995 -34.795479074214086 19.354066136536556
      vertex 21.995 -34.79409767887273 19.354436280304608
      vertex 64.905 -31.979999996721745 7.899999998509884
    endloop
  endfacet
  facet normal -0.26499410831163506 0.24956627068074805 -0.9313940085155289
    outer loop
      vertex 21.995 -33.596609303805714 19.675302321117282
      vertex 64.905 -31.979999996721745 7.899999998509884
      vertex 21.995 -34.79409767887273 19.354436280304608
    endloop
  endfacet
  facet normal -0.2646351958340308 0 -0.9643485952319754
    outer loop
      vertex 21.995 -26.403390696194283 19.675302321117282
      vertex 64.905 -31.979999996721745 7.899999998509884
      vertex 21.995 -33.596609303805714 19.675302321117282
    endloop
  endfacet
  facet normal -0.1190591773550795 0.9590553505256222 -0.2569781059073082
    outer loop
      vertex 21.995 -35.6741509181261 18.47438790698384
      vertex 62.2175 -33.547066420316696 7.777500003576279
      vertex 62.2175 -33.74791666865349 7.027916669845581
    endloop
  endfacet
  facet normal -0.21994434810564267 0.6897914480973156 -0.6897914480973161
    outer loop
      vertex 21.995 -34.79597767888252 19.353786224743654
      vertex 62.2175 -32.99833333492279 8.326233088970184
      vertex 62.2175 -33.547066420316696 7.777500003576279
    endloop
  endfacet
  facet normal -0.2524910316937893 0.4736649414411173 -0.8437356233819863
    outer loop
      vertex 21.995 -34.795479074214086 19.354066136536556
      vertex 64.905 -32.639999993145466 7.723153531551361
      vertex 62.2175 -32.99833333492279 8.326233088970184
    endloop
  endfacet
  facet normal -0.26499410831163506 -0.24956627068074805 -0.9313940085155289
    outer loop
      vertex 21.995 -25.205902321127265 19.354436280304608
      vertex 64.905 -28.020000003278255 7.899999998509884
      vertex 21.995 -26.403390696194283 19.675302321117282
    endloop
  endfacet
  facet normal -0.2649941082960433 -0.24956627350248192 -0.9313940077638836
    outer loop
      vertex 21.995 -25.204520925785914 19.354066136536556
      vertex 64.905 -28.020000003278255 7.899999998509884
      vertex 21.995 -25.205902321127265 19.354436280304608
    endloop
  endfacet
  facet normal -0.21994434810564276 -0.6897914480973186 -0.6897914480973131
    outer loop
      vertex 21.995 -24.326297491730646 18.47606139535682
      vertex 39.25 -25.450000002980232 14.097898470276084
      vertex 62.2175 -27.00166666507721 8.326233088970184
    endloop
  endfacet
  facet normal -0.2524910316937893 -0.4736649414411171 -0.8437356233819863
    outer loop
      vertex 21.995 -25.204520925785914 19.354066136536556
      vertex 62.2175 -27.00166666507721 8.326233088970184
      vertex 64.905 -27.360000006854534 7.723153531551361
    endloop
  endfacet
  facet normal -0.21994434810564278 -0.6897914480973145 -0.6897914480973171
    outer loop
      vertex 42.75 -25.450000002980232 12.981901424367297
      vertex 62.2175 -27.00166666507721 8.326233088970184
      vertex 39.25 -25.450000002980232 14.097898470276084
    endloop
  endfacet
  facet normal -0.11905917735507873 -0.9590553505256233 -0.2569781059073044
    outer loop
      vertex 42.67186435254651 -25.31605317877425 12.590190428318094
      vertex 62.2175 -26.452933579683304 7.777500003576279
      vertex 42.73414107162504 -25.422813268623155 12.95977140921529
    endloop
  endfacet
  facet normal -0.2199443481056454 -0.6897914480972969 -0.689791448097334
    outer loop
      vertex 42.73414107162504 -25.422813268623155 12.95977140921529
      vertex 62.2175 -27.00166666507721 8.326233088970184
      vertex 42.75 -25.450000002980232 12.981901424367297
    endloop
  endfacet
  facet normal -0.1643989890791446 0.9863939235365125 0
    outer loop
      vertex 62.2175 -33.74791666865349 -7.027916669845581
      vertex 62.2175 -33.74791666865349 7.027916669845581
      vertex 64.905 -33.29999999701977 6.579999998211861
    endloop
  endfacet
  facet normal -0.20000000204687435 0.9464101612983765 -0.2535898376757862
    outer loop
      vertex 62.2175 -33.547066420316696 7.777500003576279
      vertex 64.905 -33.29999999701977 6.579999998211861
      vertex 62.2175 -33.74791666865349 7.027916669845581
    endloop
  endfacet
  facet normal -0.2000000028238928 0.9464101606299633 -0.25358983955752273
    outer loop
      vertex 62.2175 -33.547066420316696 7.777500003576279
      vertex 64.905 -33.123153530061245 7.239999994635582
      vertex 64.905 -33.29999999701977 6.579999998211861
    endloop
  endfacet
  facet normal -0.24523264203324058 0.6855147523144183 -0.6855147523144183
    outer loop
      vertex 62.2175 -32.99833333492279 8.326233088970184
      vertex 64.905 -32.639999993145466 7.723153531551361
      vertex 62.2175 -33.547066420316696 7.777500003576279
    endloop
  endfacet
  facet normal -0.2452326420332406 0.6855147523144183 -0.6855147523144183
    outer loop
      vertex 62.2175 -33.547066420316696 7.777500003576279
      vertex 64.905 -32.639999993145466 7.723153531551361
      vertex 64.905 -33.123153530061245 7.239999994635582
    endloop
  endfacet
  facet normal -0.0557786591018551 -0.9984431587170093 0
    outer loop
      vertex 62.2175 -26.252083331346512 -7.027916669845581
      vertex 62.2175 -26.252083331346512 7.027916669845581
      vertex 42.57785972879462 -25.154902395199578 12.032320301015753
    endloop
  endfacet
  facet normal -0.16439898907914466 -0.9863939235365127 0
    outer loop
      vertex 64.905 -26.700000002980232 -6.579999998211861
      vertex 64.905 -26.700000002980232 6.579999998211861
      vertex 62.2175 -26.252083331346512 7.027916669845581
    endloop
  endfacet
  facet normal -0.11905917735507963 -0.9590553505256222 -0.25697810590730813
    outer loop
      vertex 42.67186435254651 -25.31605317877425 12.590190428318094
      vertex 62.2175 -26.252083331346512 7.027916669845581
      vertex 62.2175 -26.452933579683304 7.777500003576279
    endloop
  endfacet
  facet normal -0.21994434810564267 -0.6897914480973156 -0.689791448097316
    outer loop
      vertex 42.73414107162504 -25.422813268623155 12.95977140921529
      vertex 62.2175 -26.452933579683304 7.777500003576279
      vertex 62.2175 -27.00166666507721 8.326233088970184
    endloop
  endfacet
  facet normal -0.20000000204687435 -0.9464101612983765 -0.2535898376757862
    outer loop
      vertex 62.2175 -26.252083331346512 7.027916669845581
      vertex 64.905 -26.700000002980232 6.579999998211861
      vertex 62.2175 -26.452933579683304 7.777500003576279
    endloop
  endfacet
  facet normal -0.2000000028238928 -0.9464101606299633 -0.25358983955752273
    outer loop
      vertex 62.2175 -26.452933579683304 7.777500003576279
      vertex 64.905 -26.700000002980232 6.579999998211861
      vertex 64.905 -26.876846469938755 7.239999994635582
    endloop
  endfacet
  facet normal -0.24523264203324058 -0.6855147523144183 -0.6855147523144183
    outer loop
      vertex 62.2175 -26.452933579683304 7.777500003576279
      vertex 64.905 -26.876846469938755 7.239999994635582
      vertex 62.2175 -27.00166666507721 8.326233088970184
    endloop
  endfacet
  facet normal -0.2452326420332406 -0.6855147523144183 -0.6855147523144183
    outer loop
      vertex 62.2175 -27.00166666507721 8.326233088970184
      vertex 64.905 -26.876846469938755 7.239999994635582
      vertex 64.905 -27.360000006854534 7.723153531551361
    endloop
  endfacet
  facet normal -1 0 0
    outer loop
      vertex 64.905 -33.123153530061245 -7.239999994635582
      vertex 64.905 -33.29999999701977 6.579999998211861
      vertex 64.905 -33.123153530061245 7.239999994635582
    endloop
  endfacet
  facet normal -1 0 0
    outer loop
      vertex 64.905 -26.876846469938755 7.239999994635582
      vertex 64.905 -33.123153530061245 -7.239999994635582
      vertex 64.905 -33.123153530061245 7.239999994635582
    endloop
  endfacet
  facet normal -1 0 0
    outer loop
      vertex 64.905 -31.979999996721745 7.899999998509884
      vertex 64.905 -33.123153530061245 7.239999994635582
      vertex 64.905 -32.639999993145466 7.723153531551361
    endloop
  endfacet
  facet normal -1 0 0
    outer loop
      vertex 64.905 -28.020000003278255 7.899999998509884
      vertex 64.905 -33.123153530061245 7.239999994635582
      vertex 64.905 -31.979999996721745 7.899999998509884
    endloop
  endfacet
  facet normal -1 0 0
    outer loop
      vertex 64.905 -27.360000006854534 7.723153531551361
      vertex 64.905 -33.123153530061245 7.239999994635582
      vertex 64.905 -28.020000003278255 7.899999998509884
    endloop
  endfacet
  facet normal -1 0 0
    outer loop
      vertex 64.905 -26.876846469938755 7.239999994635582
      vertex 64.905 -33.123153530061245 7.239999994635582
      vertex 64.905 -27.360000006854534 7.723153531551361
    endloop
  endfacet
  facet normal -1 0 0
    outer loop
      vertex 64.905 -26.700000002980232 -6.579999998211861
      vertex 64.905 -26.876846469938755 7.239999994635582
      vertex 64.905 -26.700000002980232 6.579999998211861
    endloop
  endfacet
  facet normal -0.2649941082960413 0.24956627350285276 -0.9313940077637848
    outer loop
      vertex 21.995 -34.795479074214086 19.354066136536556
      vertex 64.905 -31.979999996721745 7.899999998509884
      vertex 64.905 -32.639999993145466 7.723153531551361
    endloop
  endfacet
  facet normal -0.2646351958340308 1.390049041366072e-16 -0.9643485952319752
    outer loop
      vertex 21.995 -26.403390696194283 19.675302321117282
      vertex 64.905 -28.020000003278255 7.899999998509884
      vertex 64.905 -31.979999996721745 7.899999998509884
    endloop
  endfacet
  facet normal -0.2649941082960413 -0.24956627350285257 -0.9313940077637849
    outer loop
      vertex 21.995 -25.204520925785914 19.354066136536556
      vertex 64.905 -27.360000006854534 7.723153531551361
      vertex 64.905 -28.020000003278255 7.899999998509884
    endloop
  endfacet
  facet normal 0.06415328931752244 -0.9979400560503332 1.500136594867324e-19
    outer loop
      vertex 65.005 24.5 -20
      vertex 65.59455823281203 24.537900172109346 -17.985714285714288
      vertex 65.59455823281203 24.537900172109346 -15.477204392603545
    endloop
  endfacet
  facet normal 0.06415328931752115 -0.9979400560503334 3.8506154414518673e-16
    outer loop
      vertex 65.005 24.5 -20
      vertex 68.51495671008573 24.725640074219797 -17.985714285714288
      vertex 65.59455823281203 24.537900172109346 -17.985714285714288
    endloop
  endfacet
  facet normal 0.06415328931752141 -0.9979400560503332 -7.301330906632573e-17
    outer loop
      vertex 65.005 24.5 -20
      vertex 78.59455823412861 25.373614457908268 -14.642857142857142
      vertex 68.51495671008573 24.725640074219797 -17.985714285714288
    endloop
  endfacet
  facet normal 0.06415328931752214 -0.9979400560503332 -1.905382799044793e-15
    outer loop
      vertex 65.005 24.5 -20
      vertex 81.51495670866656 25.561354359842852 -14.642857142857142
      vertex 78.59455823412861 25.373614457908268 -14.642857142857142
    endloop
  endfacet
  facet normal 0.06415328931752139 -0.9979400560503333 0
    outer loop
      vertex 68.51495671008573 24.725640074219797 -17.985714285714288
      vertex 78.59455823412861 25.373614457908268 -14.642857142857142
      vertex 68.51495671008573 24.725640074219797 6.926630665148388
    endloop
  endfacet
  facet normal 0.06415328931752139 -0.9979400560503333 0
    outer loop
      vertex 78.59455823412861 25.373614457908268 -14.642857142857142
      vertex 78.59455823412861 25.373614457908268 14.642857142857142
      vertex 68.51495671008573 24.725640074219797 6.926630665148388
    endloop
  endfacet
  facet normal 0.06415328931752126 -0.9979400560503333 1.6785185214046828e-16
    outer loop
      vertex 70.05 24.82432142857143 18.702714285714286
      vertex 68.51495671008573 24.725640074219797 6.926630665148388
      vertex 78.59455823412861 25.373614457908268 14.642857142857142
    endloop
  endfacet
  facet normal 0.06415328931752218 -0.9979400560503334 2.0466389350057483e-15
    outer loop
      vertex 70.05 24.82432142857143 18.702714285714286
      vertex 78.59455823412861 25.373614457908268 14.642857142857142
      vertex 81.51495670866656 25.561354359842852 14.642857142857142
    endloop
  endfacet
  facet normal 0 0 1
    outer loop
      vertex 64.995 24.5 20
      vertex 65.005 24.5 20
      vertex 65.005 35.5 20
    endloop
  endfacet
  facet normal 0.2490410398106183 0 0.9684929325968497
    outer loop
      vertex 65.005 24.5 20
      vertex 70.05 24.82432142857143 18.702714285714286
      vertex 65.005 35.5 20
    endloop
  endfacet
  facet normal 0.06415328931752119 -0.9979400560503334 1.0642310119849491e-15
    outer loop
      vertex 65.005 24.5 -20
      vertex 94.5149567117629 26.39706864575619 -11.3
      vertex 81.51495670866656 25.561354359842852 -14.642857142857142
    endloop
  endfacet
  facet normal 0.2490410398106197 -2.0037681854057085e-14 -0.9684929325968493
    outer loop
      vertex 65.005 24.5 -20
      vertex 69.98474592675204 24.96240497891269 -18.719493904549477
      vertex 135.005 29 -2
    endloop
  endfacet
  facet normal 0.06415328931752134 -0.9979400560503333 4.307783305221961e-16
    outer loop
      vertex 81.51495670866656 25.561354359842852 -14.642857142857142
      vertex 94.5149567117629 26.39706864575619 -11.3
      vertex 91.59455823125609 26.209328743437894 -11.3
    endloop
  endfacet
  facet normal 0.2490410398106185 2.801161020309724e-16 -0.9684929325968495
    outer loop
      vertex 69.98474592675204 24.96240497891269 -18.719493904549477
      vertex 65.005 35.5 -20
      vertex 133.45 31.099964285714286 -2.3998571428571447
    endloop
  endfacet
  facet normal 0.06415328931752096 -0.9979400560503332 1.5489878287131554e-15
    outer loop
      vertex 65.005 24.5 -20
      vertex 135.005 29 -2
      vertex 94.5149567117629 26.39706864575619 -11.3
    endloop
  endfacet
  facet normal 0.06415328931752148 -0.9979400560503334 0
    outer loop
      vertex 81.51495670866656 25.561354359842852 -14.642857142857142
      vertex 91.59455823125609 26.209328743437894 -11.3
      vertex 81.51495670866656 25.561354359842852 14.642857142857142
    endloop
  endfacet
  facet normal 0.06415328931752143 0.9979400560503333 0
    outer loop
      vertex 65.005 35.5 -20
      vertex 65.005 35.5 -5.82
      vertex 133.45 31.099964285714286 -2.3998571428571447
    endloop
  endfacet
  facet normal 0.06415328931752143 0.9979400560503333 -9.442811066090449e-18
    outer loop
      vertex 133.45 31.099964285714286 -2.3998571428571447
      vertex 65.005 35.5 -5.82
      vertex 65.005 35.5 5.82
    endloop
  endfacet
  facet normal 0.06415328931752085 -0.9979400560503333 1.5415190850713395e-15
    outer loop
      vertex 94.5149567117629 26.39706864575619 -11.3
      vertex 107.51495671034375 27.23278293137924 -7.957142857142857
      vertex 104.59455823257267 27.045043029236815 -7.957142857142857
    endloop
  endfacet
  facet normal 0.06415328931752137 -0.9979400560503333 -1.5687589768818395e-16
    outer loop
      vertex 94.5149567117629 26.39706864575619 -11.3
      vertex 104.59455823257267 27.045043029236815 -7.957142857142857
      vertex 94.5149567117629 26.397068645756185 11.3
    endloop
  endfacet
  facet normal 0.06415328931752276 -0.9979400560503333 -6.004135534242204e-15
    outer loop
      vertex 135.005 29 -2
      vertex 107.51495671034375 27.23278293137924 -7.957142857142857
      vertex 94.5149567117629 26.39706864575619 -11.3
    endloop
  endfacet
  facet normal 0.24904103981061845 2.6103911711511523e-17 -0.9684929325968498
    outer loop
      vertex 69.98474592675204 24.96240497891269 -18.719493904549477
      vertex 133.45 31.099964285714286 -2.3998571428571447
      vertex 135.005 29 -2
    endloop
  endfacet
  facet normal 0.06415328931752122 -0.9979400560503333 9.967451375810888e-16
    outer loop
      vertex 107.51495671034375 27.23278293137924 -7.957142857142857
      vertex 120.5149567089246 28.068497217002296 -4.614285714285714
      vertex 117.59455823388923 27.880757315035737 -4.614285714285714
    endloop
  endfacet
  facet normal 0.06415328931752157 -0.9979400560503333 0
    outer loop
      vertex 107.51495671034375 27.23278293137924 -7.957142857142857
      vertex 117.59455823388923 27.880757315035737 -4.614285714285714
      vertex 107.51495671034375 27.23278293137924 7.957142857142857
    endloop
  endfacet
  facet normal 0.06415328931752126 -0.9979400560503333 7.351991416982924e-16
    outer loop
      vertex 135.005 29 -2
      vertex 120.5149567089246 28.068497217002296 -4.614285714285714
      vertex 107.51495671034375 27.23278293137924 -7.957142857142857
    endloop
  endfacet
  facet normal 0.0641532893175213 -0.9979400560503333 0
    outer loop
      vertex 120.5149567089246 28.068497217002296 -4.614285714285714
      vertex 130.59455823101672 28.71647160056536 -1.2714285714285722
      vertex 120.5149567089246 28.068497217002296 4.614285714285714
    endloop
  endfacet
  facet normal 0.06415328931752158 -0.9979400560503332 -8.422862431335473e-16
    outer loop
      vertex 135.005 29 -2
      vertex 130.59455823101672 28.71647160056536 -1.2714285714285722
      vertex 120.5149567089246 28.068497217002296 -4.614285714285714
    endloop
  endfacet
  facet normal 0.06415328931752223 -0.9979400560503332 3.2210883424693744e-15
    outer loop
      vertex 135.005 29 -2
      vertex 133.51495671202093 28.904211502915633 -1.2714285714285722
      vertex 130.59455823101672 28.71647160056536 -1.2714285714285722
    endloop
  endfacet
  facet normal 0.06415328931752068 -0.9979400560503333 2.443776361663578e-18
    outer loop
      vertex 135.005 29 -2
      vertex 133.51495671202093 28.904211502915633 1.2714285714285722
      vertex 133.51495671202093 28.904211502915633 -1.2714285714285722
    endloop
  endfacet
  facet normal 0.06415328931752129 0.9979400560503333 0
    outer loop
      vertex 135.005 31 -2
      vertex 133.45 31.099964285714286 -1.5112857142857121
      vertex 135.005 31 2
    endloop
  endfacet
  facet normal 0.06415328931752148 -0.9979400560503333 0
    outer loop
      vertex 91.59455823125609 26.209328743437894 -11.3
      vertex 91.59455823125609 26.209328743437894 11.3
      vertex 81.51495670866656 25.561354359842852 14.642857142857142
    endloop
  endfacet
  facet normal 0.06415328931752143 0.9979400560503333 0
    outer loop
      vertex 65.005 35.5 20
      vertex 133.45 31.099964285714286 -2.3998571428571447
      vertex 65.005 35.5 5.82
    endloop
  endfacet
  facet normal 0.06415328931752168 -0.9979400560503333 0
    outer loop
      vertex 104.59455823257267 27.045043029236815 -7.957142857142857
      vertex 104.59455823257267 27.045043029236815 7.957142857142857
      vertex 94.5149567117629 26.397068645756185 11.3
    endloop
  endfacet
  facet normal 0.06415328931752234 -0.9979400560503333 3.5133636574027576e-15
    outer loop
      vertex 70.05 24.82432142857143 18.702714285714286
      vertex 94.5149567117629 26.397068645756185 11.3
      vertex 133.45 28.900035714285714 1.5112857142857121
    endloop
  endfacet
  facet normal 0.06415328931752082 -0.9979400560503333 -2.446695107824194e-15
    outer loop
      vertex 94.5149567117629 26.397068645756185 11.3
      vertex 104.59455823257267 27.045043029236815 7.957142857142857
      vertex 107.51495671034375 27.23278293137924 7.957142857142857
    endloop
  endfacet
  facet normal 0.06415328931752051 -0.9979400560503334 -2.493856207364766e-15
    outer loop
      vertex 70.05 24.82432142857143 18.702714285714286
      vertex 81.51495670866656 25.561354359842852 14.642857142857142
      vertex 94.5149567117629 26.397068645756185 11.3
    endloop
  endfacet
  facet normal 0.06415328931752014 -0.9979400560503333 -4.018272693042429e-15
    outer loop
      vertex 91.59455823125609 26.209328743437894 11.3
      vertex 94.5149567117629 26.397068645756185 11.3
      vertex 81.51495670866656 25.561354359842852 14.642857142857142
    endloop
  endfacet
  facet normal 0.24904103981061848 9.273114739699133e-17 0.9684929325968495
    outer loop
      vertex 70.05 24.82432142857143 18.702714285714286
      vertex 133.45 28.900035714285714 2.3998571428571447
      vertex 65.005 35.5 20
    endloop
  endfacet
  facet normal 0.06415328931752157 -0.9979400560503333 0
    outer loop
      vertex 117.59455823388923 27.880757315035737 -4.614285714285714
      vertex 117.59455823388923 27.880757315035737 4.614285714285714
      vertex 107.51495671034375 27.23278293137924 7.957142857142857
    endloop
  endfacet
  facet normal 0.06415328931752075 -0.9979400560503333 -2.557318978415593e-15
    outer loop
      vertex 133.45 28.900035714285714 1.5112857142857121
      vertex 107.51495671034375 27.23278293137924 7.957142857142857
      vertex 120.5149567089246 28.068497217002296 4.614285714285714
    endloop
  endfacet
  facet normal 0.0641532893175212 -0.9979400560503333 -6.178041754094687e-16
    outer loop
      vertex 133.45 28.900035714285714 1.5112857142857121
      vertex 94.5149567117629 26.397068645756185 11.3
      vertex 107.51495671034375 27.23278293137924 7.957142857142857
    endloop
  endfacet
  facet normal 0.0641532893175215 -0.9979400560503333 -4.645583730835975e-16
    outer loop
      vertex 70.05 24.82432142857143 18.702714285714286
      vertex 133.45 28.900035714285714 1.5112857142857121
      vertex 133.45 28.900035714285714 2.3998571428571447
    endloop
  endfacet
  facet normal 0.06415328931752122 -0.9979400560503333 -1.0470446416481335e-15
    outer loop
      vertex 117.59455823388923 27.880757315035737 4.614285714285714
      vertex 120.5149567089246 28.068497217002296 4.614285714285714
      vertex 107.51495671034375 27.23278293137924 7.957142857142857
    endloop
  endfacet
  facet normal 0.06415328931752148 0.9979400560503334 -1.2369778869212973e-16
    outer loop
      vertex 65.005 35.5 20
      vertex 133.45 31.099964285714286 -1.5112857142857121
      vertex 133.45 31.099964285714286 -2.3998571428571447
    endloop
  endfacet
  facet normal 0.06415328931752139 0.9979400560503333 -1.553975580869146e-16
    outer loop
      vertex 65.005 35.5 20
      vertex 135.005 31 2
      vertex 133.45 31.099964285714286 -1.5112857142857121
    endloop
  endfacet
  facet normal 0.24904103981062017 1.6535825037269505e-14 0.9684929325968491
    outer loop
      vertex 65.005 35.5 20
      vertex 133.45 28.900035714285714 2.3998571428571447
      vertex 133.61930253652014 29.128671907323127 2.356322204894817
    endloop
  endfacet
  facet normal 0.24904103981061834 -1.3038131558402694e-15 0.9684929325968497
    outer loop
      vertex 65.005 35.5 20
      vertex 133.61930253652014 29.128671907323127 2.356322204894817
      vertex 135.005 31 2
    endloop
  endfacet
  facet normal 0.06415328931752132 -0.9979400560503334 0
    outer loop
      vertex 130.59455823101672 28.71647160056536 -1.2714285714285722
      vertex 130.59455823101672 28.71647160056536 1.2714285714285722
      vertex 120.5149567089246 28.068497217002296 4.614285714285714
    endloop
  endfacet
  facet normal 0.06415328931752183 -0.9979400560503334 1.5841252540107572e-15
    outer loop
      vertex 133.45 28.900035714285714 1.5112857142857121
      vertex 120.5149567089246 28.068497217002296 4.614285714285714
      vertex 130.59455823101672 28.71647160056536 1.2714285714285722
    endloop
  endfacet
  facet normal 0.0641532893174992 -0.9979400560503349 -9.867501419466593e-15
    outer loop
      vertex 135.005 29 -2
      vertex 133.45 28.900035714285714 1.5112857142857121
      vertex 133.51495671202093 28.904211502915633 1.2714285714285722
    endloop
  endfacet
  facet normal 1 0 0
    outer loop
      vertex 135.005 29 2
      vertex 135.005 31 -2
      vertex 135.005 31 2
    endloop
  endfacet
  facet normal 0.06415328931752225 -0.9979400560503332 -3.574959583972219e-15
    outer loop
      vertex 133.45 28.900035714285714 1.5112857142857121
      vertex 130.59455823101672 28.71647160056536 1.2714285714285722
      vertex 133.51495671202093 28.904211502915633 1.2714285714285722
    endloop
  endfacet
  facet normal 0.24904103981061626 -1.459246685010609e-18 0.9684929325968502
    outer loop
      vertex 133.61930253652014 29.128671907323127 2.356322204894817
      vertex 135.005 29 2
      vertex 135.005 31 2
    endloop
  endfacet
  facet normal 0 0 -1
    outer loop
      vertex 64.995 24.5 -20
      vertex 64.995 35.5 -20
      vertex 65.005 24.5 -20
    endloop
  endfacet
  facet normal 0.24904103981061793 0 -0.9684929325968498
    outer loop
      vertex 65.005 24.5 -20
      vertex 65.005 35.5 -20
      vertex 69.98474592675204 24.96240497891269 -18.719493904549477
    endloop
  endfacet
  facet normal -1 0 0
    outer loop
      vertex 64.995 24.5 -20
      vertex 64.995 24.899372093023256 -9.70274418604651
      vertex 64.995 35.5 -20
    endloop
  endfacet
  facet normal -1 0 0
    outer loop
      vertex 64.995 24.5 -20
      vertex 64.995 24.898333333333333 -9.702333333333332
      vertex 64.995 24.899372093023256 -9.70274418604651
    endloop
  endfacet
  facet normal 0 0 -1
    outer loop
      vertex 65.005 24.5 -20
      vertex 64.995 35.5 -20
      vertex 65.005 35.5 -20
    endloop
  endfacet
  facet normal -1 0 0
    outer loop
      vertex 64.995 35.5 -20
      vertex 64.995 24.899372093023256 -9.70274418604651
      vertex 64.995 35.10062790697674 -9.70274418604651
    endloop
  endfacet
  facet normal 0 1 0
    outer loop
      vertex 64.995 35.5 -20
      vertex 64.995 35.5 -5.821646511627906
      vertex 65.005 35.5 -20
    endloop
  endfacet
  facet normal -1 0 0
    outer loop
      vertex 64.995 35.5 -20
      vertex 64.995 35.10062790697674 -9.70274418604651
      vertex 64.995 35.10166666666667 -9.702333333333332
    endloop
  endfacet
  facet normal -1 0 0
    outer loop
      vertex 64.995 35.5 -20
      vertex 64.995 35.10166666666667 -9.702333333333332
      vertex 64.995 35.5 -5.821646511627906
    endloop
  endfacet
  facet normal 0 -1 0
    outer loop
      vertex 64.995 24.5 -20
      vertex 65.005 24.5 -20
      vertex 64.995 24.5 20
    endloop
  endfacet
  facet normal -1 0 0
    outer loop
      vertex 64.995 24.5 -20
      vertex 64.995 24.898333333333333 9.702333333333332
      vertex 64.995 24.898333333333333 -9.702333333333332
    endloop
  endfacet
  facet normal 0.06415328931752246 -0.9979400560503332 1.124560450155962e-20
    outer loop
      vertex 65.005 24.5 -20
      vertex 65.59455823281203 24.537900172109346 -15.477204392603545
      vertex 65.59455823281203 24.537900172109346 17.985714285714288
    endloop
  endfacet
  facet normal 0 1 0
    outer loop
      vertex 65.005 35.5 -20
      vertex 64.995 35.5 -5.821646511627906
      vertex 65.005 35.5 -5.82
    endloop
  endfacet
  facet normal -1 0 0
    outer loop
      vertex 64.995 35.10166666666667 -9.702333333333332
      vertex 64.995 35.10166666666667 -5.821646511627906
      vertex 64.995 35.5 -5.821646511627906
    endloop
  endfacet
  facet normal -1 0 0
    outer loop
      vertex 64.995 24.5 -20
      vertex 64.995 24.5 20
      vertex 64.995 24.898333333333333 9.702333333333332
    endloop
  endfacet
  facet normal 0.06415328931752246 -0.9979400560503332 0
    outer loop
      vertex 65.005 24.5 -20
      vertex 65.59455823281203 24.537900172109346 17.985714285714288
      vertex 65.005 24.5 20
    endloop
  endfacet
  facet normal 0 -1 0
    outer loop
      vertex 65.005 24.5 -20
      vertex 65.005 24.5 20
      vertex 64.995 24.5 20
    endloop
  endfacet
  facet normal -1 0 0
    outer loop
      vertex 64.995 35.5 20
      vertex 64.995 35.5 5.821646511627906
      vertex 64.995 35.10166666666667 5.821646511627906
    endloop
  endfacet
  facet normal 0 1 0
    outer loop
      vertex 65.005 35.5 20
      vertex 65.005 35.5 5.82
      vertex 64.995 35.5 5.821646511627906
    endloop
  endfacet
  facet normal -1 0 0
    outer loop
      vertex 64.995 24.5 20
      vertex 64.995 24.899372093023256 9.70274418604651
      vertex 64.995 24.898333333333333 9.702333333333332
    endloop
  endfacet
  facet normal -1 0 0
    outer loop
      vertex 64.995 24.5 20
      vertex 64.995 35.10062790697674 9.70274418604651
      vertex 64.995 24.899372093023256 9.70274418604651
    endloop
  endfacet
  facet normal 0.06415328931752255 -0.9979400560503334 8.616744323856945e-20
    outer loop
      vertex 70.05 24.82432142857143 18.702714285714286
      vertex 68.51495671008573 24.725640074219797 17.985714285714288
      vertex 68.51495671008573 24.725640074219797 6.926630665148388
    endloop
  endfacet
  facet normal 0.06415328931752116 -0.9979400560503334 -3.8399676210818356e-16
    outer loop
      vertex 65.005 24.5 20
      vertex 65.59455823281203 24.537900172109346 17.985714285714288
      vertex 68.51495671008573 24.725640074219797 17.985714285714288
    endloop
  endfacet
  facet normal 0.06415328931752202 -0.9979400560503333 1.1525994479982242e-15
    outer loop
      vertex 65.005 24.5 20
      vertex 68.51495671008573 24.725640074219797 17.985714285714288
      vertex 70.05 24.82432142857143 18.702714285714286
    endloop
  endfacet
  facet normal -1 0 0
    outer loop
      vertex 64.995 35.5 20
      vertex 64.995 35.10166666666667 5.821646511627906
      vertex 64.995 35.10166666666667 9.702333333333332
    endloop
  endfacet
  facet normal -1 0 0
    outer loop
      vertex 64.995 35.5 20
      vertex 64.995 35.10166666666667 9.702333333333332
      vertex 64.995 35.10062790697674 9.70274418604651
    endloop
  endfacet
  facet normal 0 1 0
    outer loop
      vertex 64.995 35.5 20
      vertex 65.005 35.5 20
      vertex 64.995 35.5 5.821646511627906
    endloop
  endfacet
  facet normal -1 0 0
    outer loop
      vertex 64.995 24.5 20
      vertex 64.995 35.5 20
      vertex 64.995 35.10062790697674 9.70274418604651
    endloop
  endfacet
  facet normal 0 0 1
    outer loop
      vertex 64.995 24.5 20
      vertex 65.005 35.5 20
      vertex 64.995 35.5 20
    endloop
  endfacet
  facet normal 0.2490410398106185 0 -0.9684929325968495
    outer loop
      vertex 135.005 29 -2
      vertex 133.45 31.099964285714286 -2.3998571428571447
      vertex 135.005 31 -2
    endloop
  endfacet
  facet normal 0.06415328931752128 0.9979400560503332 7.873687284139082e-18
    outer loop
      vertex 135.005 31 -2
      vertex 133.45 31.099964285714286 -2.3998571428571447
      vertex 133.45 31.099964285714286 -1.5112857142857121
    endloop
  endfacet
  facet normal 1 0 0
    outer loop
      vertex 135.005 29 -2
      vertex 135.005 31 -2
      vertex 135.005 29 2
    endloop
  endfacet
  facet normal 0.06415328931752129 -0.9979400560503333 0
    outer loop
      vertex 135.005 29 -2
      vertex 135.005 29 2
      vertex 133.45 28.900035714285714 1.5112857142857121
    endloop
  endfacet
  facet normal 0.06415328931752129 -0.9979400560503332 0
    outer loop
      vertex 133.45 28.900035714285714 1.5112857142857121
      vertex 135.005 29 2
      vertex 133.45 28.900035714285714 2.3998571428571447
    endloop
  endfacet
  facet normal 0.24904103981061762 1.5309888575611748e-14 0.9684929325968499
    outer loop
      vertex 133.45 28.900035714285714 2.3998571428571447
      vertex 135.005 29 2
      vertex 133.61930253652014 29.128671907323127 2.356322204894817
    endloop
  endfacet
  facet normal 0.06415328931752246 0.9979400560503332 -1.500136594867324e-19
    outer loop
      vertex 65.005 -24.5 -20
      vertex 65.59455823281203 -24.537900172109346 -15.477204392603545
      vertex 65.59455823281203 -24.537900172109346 -17.985714285714288
    endloop
  endfacet
  facet normal 0.06415328931752116 0.9979400560503334 3.8399676210818356e-16
    outer loop
      vertex 65.005 -24.5 -20
      vertex 65.59455823281203 -24.537900172109346 -17.985714285714288
      vertex 68.51495671008573 -24.725640074219797 -17.985714285714288
    endloop
  endfacet
  facet normal 0.0641532893175214 0.9979400560503332 -5.1030990035860484e-17
    outer loop
      vertex 65.005 -24.5 -20
      vertex 68.51495671008573 -24.725640074219797 -17.985714285714288
      vertex 78.59455823412861 -25.373614457908268 -14.642857142857142
    endloop
  endfacet
  facet normal 0.06415328931752218 0.9979400560503332 -1.9820618107233967e-15
    outer loop
      vertex 65.005 -24.5 -20
      vertex 78.59455823412861 -25.373614457908268 -14.642857142857142
      vertex 81.51495670866656 -25.561354359842852 -14.642857142857142
    endloop
  endfacet
  facet normal 0.06415328931752139 0.9979400560503333 0
    outer loop
      vertex 68.51495671008573 -24.725640074219797 -17.985714285714288
      vertex 68.51495671008573 -24.725640074219797 6.926630665148388
      vertex 78.59455823412861 -25.373614457908268 -14.642857142857142
    endloop
  endfacet
  facet normal 0.06415328931752139 0.9979400560503333 0
    outer loop
      vertex 78.59455823412861 -25.373614457908268 -14.642857142857142
      vertex 68.51495671008573 -24.725640074219797 6.926630665148388
      vertex 78.59455823412861 -25.373614457908268 14.642857142857142
    endloop
  endfacet
  facet normal 0.06415328931752126 0.9979400560503333 1.68385311246644e-16
    outer loop
      vertex 70.05 -24.82432142857143 18.702714285714286
      vertex 78.59455823412861 -25.373614457908268 14.642857142857142
      vertex 68.51495671008573 -24.725640074219797 6.926630665148388
    endloop
  endfacet
  facet normal 0.06415328931752215 0.9979400560503334 2.0288053661902795e-15
    outer loop
      vertex 70.05 -24.82432142857143 18.702714285714286
      vertex 81.51495670866656 -25.561354359842852 14.642857142857142
      vertex 78.59455823412861 -25.373614457908268 14.642857142857142
    endloop
  endfacet
  facet normal 0 0 1
    outer loop
      vertex 64.995 -24.5 20
      vertex 65.005 -35.5 20
      vertex 65.005 -24.5 20
    endloop
  endfacet
  facet normal 0.2490410398106183 0 0.9684929325968497
    outer loop
      vertex 65.005 -24.5 20
      vertex 65.005 -35.5 20
      vertex 70.05 -24.82432142857143 18.702714285714286
    endloop
  endfacet
  facet normal 0.2490410398106185 -2.800333265791152e-16 -0.9684929325968495
    outer loop
      vertex 69.98474592675204 -24.96240497891269 -18.719493904549477
      vertex 133.45 -31.099964285714286 -2.3998571428571447
      vertex 65.005 -35.5 -20
    endloop
  endfacet
  facet normal 0.06415328931752119 0.9979400560503334 9.36627611923309e-16
    outer loop
      vertex 65.005 -24.5 -20
      vertex 81.51495670866656 -25.561354359842852 -14.642857142857142
      vertex 94.5149567117629 -26.39706864575619 -11.3
    endloop
  endfacet
  facet normal 0.2490410398106197 1.9346727307365462e-14 -0.9684929325968493
    outer loop
      vertex 65.005 -24.5 -20
      vertex 135.005 -29 -2
      vertex 69.98474592675204 -24.96240497891269 -18.719493904549477
    endloop
  endfacet
  facet normal 0.0641532893175214 0.9979400560503333 2.9307504132446603e-16
    outer loop
      vertex 81.51495670866656 -25.561354359842852 -14.642857142857142
      vertex 91.59455823125609 -26.209328743437894 -11.3
      vertex 94.5149567117629 -26.39706864575619 -11.3
    endloop
  endfacet
  facet normal 0.06415328931752105 0.9979400560503332 1.5489878287131572e-15
    outer loop
      vertex 65.005 -24.5 -20
      vertex 94.5149567117629 -26.39706864575619 -11.3
      vertex 135.005 -29 -2
    endloop
  endfacet
  facet normal 0.06415328931752143 -0.9979400560503333 0
    outer loop
      vertex 65.005 -35.5 -20
      vertex 133.45 -31.099964285714286 -2.3998571428571447
      vertex 65.005 -35.5 -5.82
    endloop
  endfacet
  facet normal 0.06415328931752143 -0.9979400560503333 9.442811066090449e-18
    outer loop
      vertex 133.45 -31.099964285714286 -2.3998571428571447
      vertex 65.005 -35.5 5.82
      vertex 65.005 -35.5 -5.82
    endloop
  endfacet
  facet normal 0.06415328931752148 0.9979400560503334 0
    outer loop
      vertex 81.51495670866656 -25.561354359842852 -14.642857142857142
      vertex 81.51495670866656 -25.561354359842852 14.642857142857142
      vertex 91.59455823125609 -26.209328743437894 -11.3
    endloop
  endfacet
  facet normal 0.06415328931752085 0.9979400560503333 1.3861067733656145e-15
    outer loop
      vertex 94.5149567117629 -26.39706864575619 -11.3
      vertex 104.59455823257267 -27.045043029236815 -7.957142857142857
      vertex 107.51495671034375 -27.23278293137924 -7.957142857142857
    endloop
  endfacet
  facet normal 0.06415328931752139 0.9979400560503333 -1.5687589768818395e-16
    outer loop
      vertex 94.5149567117629 -26.39706864575619 -11.3
      vertex 94.5149567117629 -26.397068645756185 11.3
      vertex 104.59455823257267 -27.045043029236815 -7.957142857142857
    endloop
  endfacet
  facet normal 0.24904103981061856 -3.629856720107601e-16 -0.9684929325968495
    outer loop
      vertex 69.98474592675204 -24.96240497891269 -18.719493904549477
      vertex 135.005 -29 -2
      vertex 133.45 -31.099964285714286 -2.3998571428571447
    endloop
  endfacet
  facet normal 0.06415328931752272 0.9979400560503333 -5.905766711232369e-15
    outer loop
      vertex 135.005 -29 -2
      vertex 94.5149567117629 -26.39706864575619 -11.3
      vertex 107.51495671034375 -27.23278293137924 -7.957142857142857
    endloop
  endfacet
  facet normal 0.06415328931752119 0.9979400560503333 9.62929645506229e-16
    outer loop
      vertex 107.51495671034375 -27.23278293137924 -7.957142857142857
      vertex 117.59455823388923 -27.880757315035737 -4.614285714285714
      vertex 120.5149567089246 -28.068497217002296 -4.614285714285714
    endloop
  endfacet
  facet normal 0.06415328931752157 0.9979400560503333 0
    outer loop
      vertex 107.51495671034375 -27.23278293137924 -7.957142857142857
      vertex 107.51495671034375 -27.23278293137924 7.957142857142857
      vertex 117.59455823388923 -27.880757315035737 -4.614285714285714
    endloop
  endfacet
  facet normal 0.06415328931752223 0.9979400560503332 3.2392545083920837e-15
    outer loop
      vertex 135.005 -29 -2
      vertex 130.59455823101672 -28.71647160056536 -1.2714285714285722
      vertex 133.51495671202093 -28.904211502915633 -1.2714285714285722
    endloop
  endfacet
  facet normal 0.06415328931752129 -0.9979400560503333 0
    outer loop
      vertex 135.005 -31 -2
      vertex 135.005 -31 2
      vertex 133.45 -31.099964285714286 -1.5112857142857121
    endloop
  endfacet
  facet normal 0.06415328931752069 0.9979400560503333 -2.4437763616635782e-18
    outer loop
      vertex 135.005 -29 -2
      vertex 133.51495671202093 -28.904211502915633 -1.2714285714285722
      vertex 133.51495671202093 -28.904211502915633 1.2714285714285722
    endloop
  endfacet
  facet normal 0.06415328931752134 0.9979400560503333 7.2211346243253995e-16
    outer loop
      vertex 135.005 -29 -2
      vertex 107.51495671034375 -27.23278293137924 -7.957142857142857
      vertex 120.5149567089246 -28.068497217002296 -4.614285714285714
    endloop
  endfacet
  facet normal 0.0641532893175213 0.9979400560503333 0
    outer loop
      vertex 120.5149567089246 -28.068497217002296 -4.614285714285714
      vertex 120.5149567089246 -28.068497217002296 4.614285714285714
      vertex 130.59455823101672 -28.71647160056536 -1.2714285714285722
    endloop
  endfacet
  facet normal 0.06415328931752158 0.9979400560503332 -8.4411846188638975e-16
    outer loop
      vertex 135.005 -29 -2
      vertex 120.5149567089246 -28.068497217002296 -4.614285714285714
      vertex 130.59455823101672 -28.71647160056536 -1.2714285714285722
    endloop
  endfacet
  facet normal 0.06415328931752143 -0.9979400560503333 0
    outer loop
      vertex 65.005 -35.5 20
      vertex 65.005 -35.5 5.82
      vertex 133.45 -31.099964285714286 -2.3998571428571447
    endloop
  endfacet
  facet normal 0.06415328931752148 0.9979400560503333 0
    outer loop
      vertex 91.59455823125609 -26.209328743437894 -11.3
      vertex 81.51495670866656 -25.561354359842852 14.642857142857142
      vertex 91.59455823125609 -26.209328743437894 11.3
    endloop
  endfacet
  facet normal 0.06415328931752168 0.9979400560503333 0
    outer loop
      vertex 104.59455823257267 -27.045043029236815 -7.957142857142857
      vertex 94.5149567117629 -26.397068645756185 11.3
      vertex 104.59455823257267 -27.045043029236815 7.957142857142857
    endloop
  endfacet
  facet normal 0.06415328931752236 0.9979400560503333 3.5330350834380886e-15
    outer loop
      vertex 70.05 -24.82432142857143 18.702714285714286
      vertex 133.45 -28.900035714285714 1.5112857142857121
      vertex 94.5149567117629 -26.397068645756185 11.3
    endloop
  endfacet
  facet normal 0.06415328931752083 0.9979400560503333 -2.449433143216071e-15
    outer loop
      vertex 94.5149567117629 -26.397068645756185 11.3
      vertex 107.51495671034375 -27.23278293137924 7.957142857142857
      vertex 104.59455823257267 -27.045043029236815 7.957142857142857
    endloop
  endfacet
  facet normal 0.2490410398106185 -1.0811505808628452e-16 0.9684929325968495
    outer loop
      vertex 70.05 -24.82432142857143 18.702714285714286
      vertex 65.005 -35.5 20
      vertex 133.45 -28.900035714285714 2.3998571428571447
    endloop
  endfacet
  facet normal 0.06415328931752051 0.9979400560503333 -2.5307421955256947e-15
    outer loop
      vertex 70.05 -24.82432142857143 18.702714285714286
      vertex 94.5149567117629 -26.397068645756185 11.3
      vertex 81.51495670866656 -25.561354359842852 14.642857142857142
    endloop
  endfacet
  facet normal 0.06415328931752014 0.9979400560503333 -4.020499529279233e-15
    outer loop
      vertex 91.59455823125609 -26.209328743437894 11.3
      vertex 81.51495670866656 -25.561354359842852 14.642857142857142
      vertex 94.5149567117629 -26.397068645756185 11.3
    endloop
  endfacet
  facet normal 0.0641532893175213 -0.9979400560503334 1.236977886921296e-16
    outer loop
      vertex 65.005 -35.5 20
      vertex 133.45 -31.099964285714286 -2.3998571428571447
      vertex 133.45 -31.099964285714286 -1.5112857142857121
    endloop
  endfacet
  facet normal 0.0641532893175214 -0.9979400560503333 -1.0359837205794308e-16
    outer loop
      vertex 65.005 -35.5 20
      vertex 133.45 -31.099964285714286 -1.5112857142857121
      vertex 135.005 -31 2
    endloop
  endfacet
  facet normal 0.24904103981061843 2.4070396723204977e-15 0.9684929325968497
    outer loop
      vertex 65.005 -35.5 20
      vertex 135.005 -31 2
      vertex 133.61930253652014 -29.128671907323127 2.356322204894817
    endloop
  endfacet
  facet normal 0.24904103981062034 -1.0235106842465851e-14 0.9684929325968491
    outer loop
      vertex 65.005 -35.5 20
      vertex 133.61930253652014 -29.128671907323127 2.356322204894817
      vertex 133.45 -28.900035714285714 2.3998571428571447
    endloop
  endfacet
  facet normal 0.06415328931752157 0.9979400560503333 0
    outer loop
      vertex 117.59455823388923 -27.880757315035737 -4.614285714285714
      vertex 107.51495671034375 -27.23278293137924 7.957142857142857
      vertex 117.59455823388923 -27.880757315035737 4.614285714285714
    endloop
  endfacet
  facet normal 0.0641532893175209 0.9979400560503333 -2.138457650062903e-15
    outer loop
      vertex 133.45 -28.900035714285714 1.5112857142857121
      vertex 120.5149567089246 -28.068497217002296 4.614285714285714
      vertex 107.51495671034375 -27.23278293137924 7.957142857142857
    endloop
  endfacet
  facet normal 0.06415328931752043 0.9979400560503333 -1.6337166717826015e-15
    outer loop
      vertex 133.45 -28.900035714285714 1.5112857142857121
      vertex 107.51495671034375 -27.23278293137924 7.957142857142857
      vertex 94.5149567117629 -26.397068645756185 11.3
    endloop
  endfacet
  facet normal 0.0641532893175216 0.9979400560503333 4.645583730835972e-16
    outer loop
      vertex 70.05 -24.82432142857143 18.702714285714286
      vertex 133.45 -28.900035714285714 2.3998571428571447
      vertex 133.45 -28.900035714285714 1.5112857142857121
    endloop
  endfacet
  facet normal 0.06415328931752122 0.9979400560503333 -1.048817250365777e-15
    outer loop
      vertex 117.59455823388923 -27.880757315035737 4.614285714285714
      vertex 107.51495671034375 -27.23278293137924 7.957142857142857
      vertex 120.5149567089246 -28.068497217002296 4.614285714285714
    endloop
  endfacet
  facet normal 1 0 0
    outer loop
      vertex 135.005 -29 2
      vertex 135.005 -31 2
      vertex 135.005 -31 -2
    endloop
  endfacet
  facet normal 0.06415328931749911 0.9979400560503348 -9.947557074517498e-15
    outer loop
      vertex 135.005 -29 -2
      vertex 133.51495671202093 -28.904211502915633 1.2714285714285722
      vertex 133.45 -28.900035714285714 1.5112857142857121
    endloop
  endfacet
  facet normal 0.06415328931752225 0.9979400560503332 -3.576587734625581e-15
    outer loop
      vertex 133.45 -28.900035714285714 1.5112857142857121
      vertex 133.51495671202093 -28.904211502915633 1.2714285714285722
      vertex 130.59455823101672 -28.71647160056536 1.2714285714285722
    endloop
  endfacet
  facet normal 0.24904103981061626 -1.459246685010609e-18 0.9684929325968502
    outer loop
      vertex 133.61930253652014 -29.128671907323127 2.356322204894817
      vertex 135.005 -31 2
      vertex 135.005 -29 2
    endloop
  endfacet
  facet normal 0.06415328931752132 0.9979400560503334 0
    outer loop
      vertex 130.59455823101672 -28.71647160056536 -1.2714285714285722
      vertex 120.5149567089246 -28.068497217002296 4.614285714285714
      vertex 130.59455823101672 -28.71647160056536 1.2714285714285722
    endloop
  endfacet
  facet normal 0.06415328931752183 0.9979400560503334 1.5792099972167692e-15
    outer loop
      vertex 133.45 -28.900035714285714 1.5112857142857121
      vertex 130.59455823101672 -28.71647160056536 1.2714285714285722
      vertex 120.5149567089246 -28.068497217002296 4.614285714285714
    endloop
  endfacet
  facet normal 0 0 -1
    outer loop
      vertex 65.005 -24.5 -20
      vertex 65.005 -35.5 -20
      vertex 64.995 -35.5 -20
    endloop
  endfacet
  facet normal 0 -1 0
    outer loop
      vertex 64.995 -35.5 -20
      vertex 65.005 -35.5 -20
      vertex 64.995 -35.5 -5.821646511627906
    endloop
  endfacet
  facet normal -1 0 0
    outer loop
      vertex 64.995 -35.5 -20
      vertex 64.995 -35.10166666666667 -9.702333333333332
      vertex 64.995 -35.10062790697674 -9.70274418604651
    endloop
  endfacet
  facet normal -1 0 0
    outer loop
      vertex 64.995 -35.5 -20
      vertex 64.995 -35.5 -5.821646511627906
      vertex 64.995 -35.10166666666667 -9.702333333333332
    endloop
  endfacet
  facet normal -1 0 0
    outer loop
      vertex 64.995 -35.5 -20
      vertex 64.995 -35.10062790697674 -9.70274418604651
      vertex 64.995 -24.899372093023256 -9.70274418604651
    endloop
  endfacet
  facet normal 0 0 -1
    outer loop
      vertex 64.995 -24.5 -20
      vertex 65.005 -24.5 -20
      vertex 64.995 -35.5 -20
    endloop
  endfacet
  facet normal 0.24904103981061793 0 -0.9684929325968498
    outer loop
      vertex 65.005 -24.5 -20
      vertex 69.98474592675204 -24.96240497891269 -18.719493904549477
      vertex 65.005 -35.5 -20
    endloop
  endfacet
  facet normal -1 0 0
    outer loop
      vertex 64.995 -24.5 -20
      vertex 64.995 -35.5 -20
      vertex 64.995 -24.899372093023256 -9.70274418604651
    endloop
  endfacet
  facet normal -1 0 0
    outer loop
      vertex 64.995 -24.5 -20
      vertex 64.995 -24.899372093023256 -9.70274418604651
      vertex 64.995 -24.898333333333333 -9.702333333333332
    endloop
  endfacet
  facet normal 0 -1 0
    outer loop
      vertex 65.005 -35.5 -20
      vertex 65.005 -35.5 -5.82
      vertex 64.995 -35.5 -5.821646511627906
    endloop
  endfacet
  facet normal -1 0 0
    outer loop
      vertex 64.995 -35.10166666666667 -9.702333333333332
      vertex 64.995 -35.5 -5.821646511627906
      vertex 64.995 -35.10166666666667 -5.821646511627906
    endloop
  endfacet
  facet normal -1 0 0
    outer loop
      vertex 64.995 -24.5 -20
      vertex 64.995 -24.898333333333333 -9.702333333333332
      vertex 64.995 -24.898333333333333 9.702333333333332
    endloop
  endfacet
  facet normal 0 1 0
    outer loop
      vertex 64.995 -24.5 -20
      vertex 64.995 -24.5 20
      vertex 65.005 -24.5 -20
    endloop
  endfacet
  facet normal 0.06415328931752246 0.9979400560503332 -1.124560450155962e-20
    outer loop
      vertex 65.005 -24.5 -20
      vertex 65.59455823281203 -24.537900172109346 17.985714285714288
      vertex 65.59455823281203 -24.537900172109346 -15.477204392603545
    endloop
  endfacet
  facet normal 0 -1 0
    outer loop
      vertex 65.005 -35.5 20
      vertex 64.995 -35.5 5.821646511627906
      vertex 65.005 -35.5 5.82
    endloop
  endfacet
  facet normal -1 0 0
    outer loop
      vertex 64.995 -35.5 20
      vertex 64.995 -35.10166666666667 5.821646511627906
      vertex 64.995 -35.5 5.821646511627906
    endloop
  endfacet
  facet normal -1 0 0
    outer loop
      vertex 64.995 -24.5 -20
      vertex 64.995 -24.898333333333333 9.702333333333332
      vertex 64.995 -24.5 20
    endloop
  endfacet
  facet normal 0.06415328931752246 0.9979400560503332 0
    outer loop
      vertex 65.005 -24.5 -20
      vertex 65.005 -24.5 20
      vertex 65.59455823281203 -24.537900172109346 17.985714285714288
    endloop
  endfacet
  facet normal 0 1 0
    outer loop
      vertex 65.005 -24.5 -20
      vertex 64.995 -24.5 20
      vertex 65.005 -24.5 20
    endloop
  endfacet
  facet normal -1 0 0
    outer loop
      vertex 64.995 -35.5 20
      vertex 64.995 -35.10166666666667 9.702333333333332
      vertex 64.995 -35.10166666666667 5.821646511627906
    endloop
  endfacet
  facet normal -1 0 0
    outer loop
      vertex 64.995 -35.5 20
      vertex 64.995 -35.10062790697674 9.70274418604651
      vertex 64.995 -35.10166666666667 9.702333333333332
    endloop
  endfacet
  facet normal 0 -1 0
    outer loop
      vertex 64.995 -35.5 20
      vertex 64.995 -35.5 5.821646511627906
      vertex 65.005 -35.5 20
    endloop
  endfacet
  facet normal -1 0 0
    outer loop
      vertex 64.995 -24.5 20
      vertex 64.995 -35.10062790697674 9.70274418604651
      vertex 64.995 -35.5 20
    endloop
  endfacet
  facet normal 0 0 1
    outer loop
      vertex 64.995 -24.5 20
      vertex 64.995 -35.5 20
      vertex 65.005 -35.5 20
    endloop
  endfacet
  facet normal -1 0 0
    outer loop
      vertex 64.995 -24.5 20
      vertex 64.995 -24.899372093023256 9.70274418604651
      vertex 64.995 -35.10062790697674 9.70274418604651
    endloop
  endfacet
  facet normal -1 0 0
    outer loop
      vertex 64.995 -24.5 20
      vertex 64.995 -24.898333333333333 9.702333333333332
      vertex 64.995 -24.899372093023256 9.70274418604651
    endloop
  endfacet
  facet normal 0.06415328931752255 0.9979400560503334 -8.616744323856945e-20
    outer loop
      vertex 70.05 -24.82432142857143 18.702714285714286
      vertex 68.51495671008573 -24.725640074219797 6.926630665148388
      vertex 68.51495671008573 -24.725640074219797 17.985714285714288
    endloop
  endfacet
  facet normal 0.06415328931752115 0.9979400560503334 -3.8506154414518673e-16
    outer loop
      vertex 65.005 -24.5 20
      vertex 68.51495671008573 -24.725640074219797 17.985714285714288
      vertex 65.59455823281203 -24.537900172109346 17.985714285714288
    endloop
  endfacet
  facet normal 0.06415328931752202 0.9979400560503333 1.126260294884999e-15
    outer loop
      vertex 65.005 -24.5 20
      vertex 70.05 -24.82432142857143 18.702714285714286
      vertex 68.51495671008573 -24.725640074219797 17.985714285714288
    endloop
  endfacet
  facet normal 0.2490410398106185 0 -0.9684929325968495
    outer loop
      vertex 135.005 -29 -2
      vertex 135.005 -31 -2
      vertex 133.45 -31.099964285714286 -2.3998571428571447
    endloop
  endfacet
  facet normal 0.06415328931752129 -0.9979400560503332 -7.873687284139084e-18
    outer loop
      vertex 135.005 -31 -2
      vertex 133.45 -31.099964285714286 -1.5112857142857121
      vertex 133.45 -31.099964285714286 -2.3998571428571447
    endloop
  endfacet
  facet normal 1 0 0
    outer loop
      vertex 135.005 -29 -2
      vertex 135.005 -29 2
      vertex 135.005 -31 -2
    endloop
  endfacet
  facet normal 0.06415328931752129 0.9979400560503333 0
    outer loop
      vertex 135.005 -29 -2
      vertex 133.45 -28.900035714285714 1.5112857142857121
      vertex 135.005 -29 2
    endloop
  endfacet
  facet normal 0.06415328931752129 0.9979400560503332 0
    outer loop
      vertex 133.45 -28.900035714285714 1.5112857142857121
      vertex 133.45 -28.900035714285714 2.3998571428571447
      vertex 135.005 -29 2
    endloop
  endfacet
  facet normal 0.24904103981061762 -1.5324934333192736e-14 0.9684929325968499
    outer loop
      vertex 133.45 -28.900035714285714 2.3998571428571447
      vertex 133.61930253652014 -29.128671907323127 2.356322204894817
      vertex 135.005 -29 2
    endloop
  endfacet
  facet normal -0.2727194468682853 0 0.9620936042297842
    outer loop
      vertex 70.05 26.30261496062992 -18.58724409448819
      vertex 133.45 30.013196062992126 -0.6155905511811044
      vertex 70.05 33.697385039370076 -18.58724409448819
    endloop
  endfacet
  facet normal -0.058012370695175994 0.9983158642665785 0
    outer loop
      vertex 70.05 26.30261496062992 -18.58724409448819
      vertex 70.05 26.30261496062992 18.58724409448819
      vertex 133.45 29.986803937007874 -0.6155905511811044
    endloop
  endfacet
  facet normal -0.27271944686828575 4.9573371004214015e-14 0.962093604229784
    outer loop
      vertex 70.05 26.30261496062992 -18.58724409448819
      vertex 133.45 29.986803937007874 -0.6155905511811044
      vertex 133.45 30.013196062992126 -0.6155905511811044
    endloop
  endfacet
  facet normal -0.058012370695175806 -0.9983158642665785 1.0998372547864405e-17
    outer loop
      vertex 70.05 33.697385039370076 -18.58724409448819
      vertex 133.45 30.013196062992126 -0.6155905511811044
      vertex 133.45 30.013196062992126 0.6155905511811044
    endloop
  endfacet
  facet normal -0.05801237069517593 -0.9983158642665785 0
    outer loop
      vertex 70.05 33.697385039370076 -18.58724409448819
      vertex 133.45 30.013196062992126 0.6155905511811044
      vertex 70.05 33.697385039370076 18.58724409448819
    endloop
  endfacet
  facet normal -0.2727194468682853 0 -0.9620936042297842
    outer loop
      vertex 70.05 26.30261496062992 18.58724409448819
      vertex 70.05 33.697385039370076 18.58724409448819
      vertex 133.45 29.986803937007874 0.6155905511811044
    endloop
  endfacet
  facet normal -0.05801237069517596 0.9983158642665785 -3.8261032860780916e-17
    outer loop
      vertex 70.05 26.30261496062992 18.58724409448819
      vertex 133.45 29.986803937007874 0.6155905511811044
      vertex 133.45 29.986803937007874 -0.6155905511811044
    endloop
  endfacet
  facet normal -0.27271944686828914 -4.95733710042139e-14 -0.9620936042297831
    outer loop
      vertex 70.05 33.697385039370076 18.58724409448819
      vertex 133.45 30.013196062992126 0.6155905511811044
      vertex 133.45 29.986803937007874 0.6155905511811044
    endloop
  endfacet
  facet normal -0.2727194468682853 0 0.9620936042297842
    outer loop
      vertex 70.05 -26.30261496062992 -18.58724409448819
      vertex 70.05 -33.697385039370076 -18.58724409448819
      vertex 133.45 -30.013196062992126 -0.6155905511811044
    endloop
  endfacet
  facet normal -0.058012370695175994 -0.9983158642665785 0
    outer loop
      vertex 70.05 -26.30261496062992 -18.58724409448819
      vertex 133.45 -29.986803937007874 -0.6155905511811044
      vertex 70.05 -26.30261496062992 18.58724409448819
    endloop
  endfacet
  facet normal -0.05801237069517584 0.9983158642665785 -1.0998372547864408e-17
    outer loop
      vertex 70.05 -33.697385039370076 -18.58724409448819
      vertex 133.45 -30.013196062992126 0.6155905511811044
      vertex 133.45 -30.013196062992126 -0.6155905511811044
    endloop
  endfacet
  facet normal -0.27271944686828553 4.957337100421371e-14 0.9620936042297841
    outer loop
      vertex 70.05 -26.30261496062992 -18.58724409448819
      vertex 133.45 -30.013196062992126 -0.6155905511811044
      vertex 133.45 -29.986803937007874 -0.6155905511811044
    endloop
  endfacet
  facet normal -0.05801237069517593 0.9983158642665785 0
    outer loop
      vertex 70.05 -33.697385039370076 -18.58724409448819
      vertex 70.05 -33.697385039370076 18.58724409448819
      vertex 133.45 -30.013196062992126 0.6155905511811044
    endloop
  endfacet
  facet normal -0.2727194468682853 0 -0.9620936042297842
    outer loop
      vertex 70.05 -26.30261496062992 18.58724409448819
      vertex 133.45 -29.986803937007874 0.6155905511811044
      vertex 70.05 -33.697385039370076 18.58724409448819
    endloop
  endfacet
  facet normal -0.27271944686828214 -4.957337100421382e-14 -0.9620936042297851
    outer loop
      vertex 70.05 -33.697385039370076 18.58724409448819
      vertex 133.45 -29.986803937007874 0.6155905511811044
      vertex 133.45 -30.013196062992126 0.6155905511811044
    endloop
  endfacet
  facet normal -0.058012370695175924 -0.9983158642665784 3.8261032860780916e-17
    outer loop
      vertex 70.05 -26.30261496062992 18.58724409448819
      vertex 133.45 -29.986803937007874 -0.6155905511811044
      vertex 133.45 -29.986803937007874 0.6155905511811044
    endloop
  endfacet
  facet normal 1 0 0
    outer loop
      vertex 70.05 26.30261496062992 -18.58724409448819
      vertex 70.05 33.697385039370076 -18.58724409448819
      vertex 70.05 26.30261496062992 18.58724409448819
    endloop
  endfacet
  facet normal 1 0 0
    outer loop
      vertex 70.05 26.30261496062992 18.58724409448819
      vertex 70.05 33.697385039370076 -18.58724409448819
      vertex 70.05 33.697385039370076 18.58724409448819
    endloop
  endfacet
  facet normal 1 0 0
    outer loop
      vertex 70.05 -26.30261496062992 -18.58724409448819
      vertex 70.05 -26.30261496062992 18.58724409448819
      vertex 70.05 -33.697385039370076 -18.58724409448819
    endloop
  endfacet
  facet normal 1 0 0
    outer loop
      vertex 70.05 -26.30261496062992 18.58724409448819
      vertex 70.05 -33.697385039370076 18.58724409448819
      vertex 70.05 -33.697385039370076 -18.58724409448819
    endloop
  endfacet
  facet normal -1 0 0
    outer loop
      vertex 133.45 29.986803937007874 -0.6155905511811044
      vertex 133.45 30.013196062992126 0.6155905511811044
      vertex 133.45 30.013196062992126 -0.6155905511811044
    endloop
  endfacet
  facet normal -1 0 0
    outer loop
      vertex 133.45 29.986803937007874 -0.6155905511811044
      vertex 133.45 29.986803937007874 0.6155905511811044
      vertex 133.45 30.013196062992126 0.6155905511811044
    endloop
  endfacet
  facet normal -1 0 0
    outer loop
      vertex 133.45 -29.986803937007874 -0.6155905511811044
      vertex 133.45 -30.013196062992126 -0.6155905511811044
      vertex 133.45 -30.013196062992126 0.6155905511811044
    endloop
  endfacet
  facet normal -1 0 0
    outer loop
      vertex 133.45 -29.986803937007874 -0.6155905511811044
      vertex 133.45 -30.013196062992126 0.6155905511811044
      vertex 133.45 -29.986803937007874 0.6155905511811044
    endloop
  endfacet
  facet normal 0 0 -1
    outer loop
      vertex 28 21.200000002980232 -18.3
      vertex 27.245875518331015 22.492784828698493 -18.3
      vertex 28.804931441935636 22.579882474869894 -18.3
    endloop
  endfacet
  facet normal -0.8637789008984337 -0.5038710255240857 -6.799968011262241e-19
    outer loop
      vertex 28 21.200000002980232 -18.3
      vertex 27.245875518331015 22.492784828698493 18.3
      vertex 27.245875518331015 22.492784828698493 -18.3
    endloop
  endfacet
  facet normal 0.8637789008984333 -0.5038710255240862 0
    outer loop
      vertex 28 21.200000002980232 -18.3
      vertex 28.804931441935636 22.579882474869894 -18.3
      vertex 28 21.200000002980232 18.3
    endloop
  endfacet
  facet normal -0.8637789008984337 -0.5038710255240857 0
    outer loop
      vertex 28 21.200000002980232 -18.3
      vertex 28 21.200000002980232 18.3
      vertex 27.245875518331015 22.492784828698493 18.3
    endloop
  endfacet
  facet normal 0.8637789008984333 -0.5038710255240862 0
    outer loop
      vertex 28.804931441935636 22.579882474869894 -18.3
      vertex 28.804931441935636 22.579882474869894 18.3
      vertex 28 21.200000002980232 18.3
    endloop
  endfacet
  facet normal 0 0 1
    outer loop
      vertex 28 21.200000002980232 18.3
      vertex 28.804931441935636 22.579882474869894 18.3
      vertex 27.245875518331015 22.492784828698493 18.3
    endloop
  endfacet
  facet normal 0 0 -1
    outer loop
      vertex 28 -21.200000002980232 -18.3
      vertex 28.804931441935636 -22.579882474869894 -18.3
      vertex 27.245875518331015 -22.492784828698493 -18.3
    endloop
  endfacet
  facet normal -0.8637789008984337 0.5038710255240857 6.799968011262241e-19
    outer loop
      vertex 28 -21.200000002980232 -18.3
      vertex 27.245875518331015 -22.492784828698493 -18.3
      vertex 27.245875518331015 -22.492784828698493 18.3
    endloop
  endfacet
  facet normal 0.8637789008984333 0.5038710255240862 0
    outer loop
      vertex 28 -21.200000002980232 -18.3
      vertex 28 -21.200000002980232 18.3
      vertex 28.804931441935636 -22.579882474869894 -18.3
    endloop
  endfacet
  facet normal -0.8637789008984337 0.5038710255240857 0
    outer loop
      vertex 28 -21.200000002980232 -18.3
      vertex 27.245875518331015 -22.492784828698493 18.3
      vertex 28 -21.200000002980232 18.3
    endloop
  endfacet
  facet normal 0.8637789008984333 0.5038710255240862 0
    outer loop
      vertex 28.804931441935636 -22.579882474869894 -18.3
      vertex 28 -21.200000002980232 18.3
      vertex 28.804931441935636 -22.579882474869894 18.3
    endloop
  endfacet
  facet normal 0 0 1
    outer loop
      vertex 28 -21.200000002980232 18.3
      vertex 27.245875518331015 -22.492784828698493 18.3
      vertex 28.804931441935636 -22.579882474869894 18.3
    endloop
  endfacet
  facet normal 0 0 -1
    outer loop
      vertex 41 22.450000002980232 -14.7
      vertex 40.54175234875388 23.23556740511643 -14.7
      vertex 41.489120764074414 23.28849274139351 -14.7
    endloop
  endfacet
  facet normal 0.8637789008984547 -0.5038710255240498 2.5120990440253464e-14
    outer loop
      vertex 42.73414107162504 25.422813268623155 -12.95977140921529
      vertex 42.75 25.450000002980232 -12.981901424367297
      vertex 42.67186435254651 25.31605317877425 -12.590190428318094
    endloop
  endfacet
  facet normal 0.8637789008984329 -0.5038710255240871 0
    outer loop
      vertex 41 22.450000002980232 -14.7
      vertex 41.489120764074414 23.28849274139351 -14.7
      vertex 41 22.450000002980232 14.7
    endloop
  endfacet
  facet normal -0.8637789008984322 -0.5038710255240885 5.75263554707591e-20
    outer loop
      vertex 41 22.450000002980232 -14.7
      vertex 40.54175234875388 23.23556740511643 14.7
      vertex 40.54175234875388 23.23556740511643 -14.7
    endloop
  endfacet
  facet normal -0.8637789008984442 -0.5038710255240676 -3.3449184185075446e-16
    outer loop
      vertex 39.41900595386083 25.16027551064738 -13.515885004712878
      vertex 39.521734164923764 24.98417000596806 -12.811055840870353
      vertex 39.25 25.450000002980232 14.097898470276084
    endloop
  endfacet
  facet normal -0.8637789008984367 -0.5038710255240806 -3.213295520867034e-20
    outer loop
      vertex 39.36962688779311 25.24492533819204 -13.8546800188055
      vertex 39.25 25.450000002980232 14.097898470276084
      vertex 39.25 25.450000002980232 -14.097898470276085
    endloop
  endfacet
  facet normal -0.8637789008984157 -0.5038710255241167 3.5504158599729103e-16
    outer loop
      vertex 39.41900595386083 25.16027551064738 -13.515885004712878
      vertex 39.25 25.450000002980232 14.097898470276084
      vertex 39.36962688779311 25.24492533819204 -13.8546800188055
    endloop
  endfacet
  facet normal 0 1 0
    outer loop
      vertex 39.25 25.450000002980232 -14.097898470276085
      vertex 39.25 25.450000002980232 14.097898470276084
      vertex 42.75 25.450000002980232 -12.981901424367297
    endloop
  endfacet
  facet normal 0.8637789008984226 -0.5038710255241047 0
    outer loop
      vertex 42.75 25.450000002980232 -12.981901424367297
      vertex 42.75 25.450000002980232 12.981901424367297
      vertex 42.67186435254651 25.31605317877425 -12.590190428318094
    endloop
  endfacet
  facet normal 0.863778900898449 -0.5038710255240598 -3.153164073915081e-16
    outer loop
      vertex 42.67186435254651 25.31605317877425 -12.590190428318094
      vertex 42.75 25.450000002980232 12.981901424367297
      vertex 42.57785972879462 25.154902395199578 -12.032320301015753
    endloop
  endfacet
  facet normal -0.8637789008984322 -0.5038710255240885 0
    outer loop
      vertex 41 22.450000002980232 -14.7
      vertex 41 22.450000002980232 14.7
      vertex 40.54175234875388 23.23556740511643 14.7
    endloop
  endfacet
  facet normal 0.8637789008984329 -0.5038710255240871 0
    outer loop
      vertex 41.489120764074414 23.28849274139351 -14.7
      vertex 41.489120764074414 23.28849274139351 14.7
      vertex 41 22.450000002980232 14.7
    endloop
  endfacet
  facet normal -0.8637789008984449 -0.5038710255240667 0
    outer loop
      vertex 39.521734164923764 24.98417000596806 -12.811055840870353
      vertex 39.521734164923764 24.98417000596806 12.811055840870353
      vertex 39.41900595386083 25.16027551064738 13.515885004712878
    endloop
  endfacet
  facet normal -0.8637789008984142 -0.5038710255241191 4.698224875216769e-16
    outer loop
      vertex 39.521734164923764 24.98417000596806 -12.811055840870353
      vertex 39.41900595386083 25.16027551064738 13.515885004712878
      vertex 39.36962688779311 25.24492533819204 13.8546800188055
    endloop
  endfacet
  facet normal -0.8637789008984367 -0.5038710255240806 -3.5536312108065656e-17
    outer loop
      vertex 39.521734164923764 24.98417000596806 -12.811055840870353
      vertex 39.36962688779311 25.24492533819204 13.8546800188055
      vertex 39.25 25.450000002980232 14.097898470276084
    endloop
  endfacet
  facet normal 0 1 0
    outer loop
      vertex 42.75 25.450000002980232 -12.981901424367297
      vertex 39.25 25.450000002980232 14.097898470276084
      vertex 42.75 25.450000002980232 12.981901424367297
    endloop
  endfacet
  facet normal 0.8637789008984372 -0.5038710255240798 0
    outer loop
      vertex 42.57785972879462 25.154902395199578 -12.032320301015753
      vertex 42.75 25.450000002980232 12.981901424367297
      vertex 42.57785972879462 25.154902395199578 12.032320301015753
    endloop
  endfacet
  facet normal 0 0 1
    outer loop
      vertex 41 22.450000002980232 14.7
      vertex 41.489120764074414 23.28849274139351 14.7
      vertex 40.54175234875388 23.23556740511643 14.7
    endloop
  endfacet
  facet normal 0.8637789008982771 -0.503871025524354 1.1408767798673156e-13
    outer loop
      vertex 42.57785972879462 25.154902395199578 12.032320301015753
      vertex 42.75 25.450000002980232 12.981901424367297
      vertex 42.67186435254651 25.31605317877425 12.590190428318094
    endloop
  endfacet
  facet normal 0.8637789008984547 -0.5038710255240499 -2.5074121033002864e-14
    outer loop
      vertex 42.67186435254651 25.31605317877425 12.590190428318094
      vertex 42.75 25.450000002980232 12.981901424367297
      vertex 42.73414107162504 25.422813268623155 12.95977140921529
    endloop
  endfacet
  facet normal 0.8637789008984548 0.5038710255240498 2.5139034607126545e-14
    outer loop
      vertex 42.73414107162504 -25.422813268623155 -12.95977140921529
      vertex 42.67186435254651 -25.31605317877425 -12.590190428318094
      vertex 42.75 -25.450000002980232 -12.981901424367297
    endloop
  endfacet
  facet normal 0 0 -1
    outer loop
      vertex 41 -22.450000002980232 -14.7
      vertex 41.489120764074414 -23.28849274139351 -14.7
      vertex 40.54175234875388 -23.23556740511643 -14.7
    endloop
  endfacet
  facet normal -0.8637789008984367 0.5038710255240806 3.213295520867034e-20
    outer loop
      vertex 39.36962688779311 -25.24492533819204 -13.8546800188055
      vertex 39.25 -25.450000002980232 -14.097898470276085
      vertex 39.25 -25.450000002980232 14.097898470276084
    endloop
  endfacet
  facet normal -0.8637789008984156 0.5038710255241167 3.546981317694074e-16
    outer loop
      vertex 39.41900595386083 -25.16027551064738 -13.515885004712878
      vertex 39.36962688779311 -25.24492533819204 -13.8546800188055
      vertex 39.25 -25.450000002980232 14.097898470276084
    endloop
  endfacet
  facet normal -0.8637789008984442 0.5038710255240676 -3.3455036720444677e-16
    outer loop
      vertex 39.41900595386083 -25.16027551064738 -13.515885004712878
      vertex 39.25 -25.450000002980232 14.097898470276084
      vertex 39.521734164923764 -24.98417000596806 -12.811055840870353
    endloop
  endfacet
  facet normal 0 -1 0
    outer loop
      vertex 39.25 -25.450000002980232 -14.097898470276085
      vertex 42.75 -25.450000002980232 -12.981901424367297
      vertex 39.25 -25.450000002980232 14.097898470276084
    endloop
  endfacet
  facet normal 0.8637789008984226 0.5038710255241047 0
    outer loop
      vertex 42.75 -25.450000002980232 -12.981901424367297
      vertex 42.67186435254651 -25.31605317877425 -12.590190428318094
      vertex 42.75 -25.450000002980232 12.981901424367297
    endloop
  endfacet
  facet normal 0.863778900898449 0.5038710255240598 -3.154964257991958e-16
    outer loop
      vertex 42.67186435254651 -25.31605317877425 -12.590190428318094
      vertex 42.57785972879462 -25.154902395199578 -12.032320301015753
      vertex 42.75 -25.450000002980232 12.981901424367297
    endloop
  endfacet
  facet normal -0.8637789008984322 0.5038710255240885 -5.75263554707591e-20
    outer loop
      vertex 41 -22.450000002980232 -14.7
      vertex 40.54175234875388 -23.23556740511643 -14.7
      vertex 40.54175234875388 -23.23556740511643 14.7
    endloop
  endfacet
  facet normal 0.8637789008984329 0.5038710255240871 0
    outer loop
      vertex 41 -22.450000002980232 -14.7
      vertex 41 -22.450000002980232 14.7
      vertex 41.489120764074414 -23.28849274139351 -14.7
    endloop
  endfacet
  facet normal -0.8637789008984367 0.5038710255240805 -3.5160617558118354e-17
    outer loop
      vertex 39.521734164923764 -24.98417000596806 -12.811055840870353
      vertex 39.25 -25.450000002980232 14.097898470276084
      vertex 39.36962688779311 -25.24492533819204 13.8546800188055
    endloop
  endfacet
  facet normal -0.8637789008984449 0.5038710255240667 0
    outer loop
      vertex 39.521734164923764 -24.98417000596806 -12.811055840870353
      vertex 39.41900595386083 -25.16027551064738 13.515885004712878
      vertex 39.521734164923764 -24.98417000596806 12.811055840870353
    endloop
  endfacet
  facet normal -0.8637789008984142 0.5038710255241191 4.703168423829938e-16
    outer loop
      vertex 39.521734164923764 -24.98417000596806 -12.811055840870353
      vertex 39.36962688779311 -25.24492533819204 13.8546800188055
      vertex 39.41900595386083 -25.16027551064738 13.515885004712878
    endloop
  endfacet
  facet normal 0 -1 0
    outer loop
      vertex 42.75 -25.450000002980232 -12.981901424367297
      vertex 42.75 -25.450000002980232 12.981901424367297
      vertex 39.25 -25.450000002980232 14.097898470276084
    endloop
  endfacet
  facet normal 0.8637789008984372 0.5038710255240798 0
    outer loop
      vertex 42.57785972879462 -25.154902395199578 -12.032320301015753
      vertex 42.57785972879462 -25.154902395199578 12.032320301015753
      vertex 42.75 -25.450000002980232 12.981901424367297
    endloop
  endfacet
  facet normal 0.8637789008984329 0.5038710255240871 0
    outer loop
      vertex 41.489120764074414 -23.28849274139351 -14.7
      vertex 41 -22.450000002980232 14.7
      vertex 41.489120764074414 -23.28849274139351 14.7
    endloop
  endfacet
  facet normal -0.8637789008984322 0.5038710255240885 0
    outer loop
      vertex 41 -22.450000002980232 -14.7
      vertex 40.54175234875388 -23.23556740511643 14.7
      vertex 41 -22.450000002980232 14.7
    endloop
  endfacet
  facet normal 0.8637789008982774 0.5038710255243536 1.1419690321764942e-13
    outer loop
      vertex 42.57785972879462 -25.154902395199578 12.032320301015753
      vertex 42.67186435254651 -25.31605317877425 12.590190428318094
      vertex 42.75 -25.450000002980232 12.981901424367297
    endloop
  endfacet
  facet normal 0.8637789008984545 0.50387102552405 -2.521027614382394e-14
    outer loop
      vertex 42.67186435254651 -25.31605317877425 12.590190428318094
      vertex 42.73414107162504 -25.422813268623155 12.95977140921529
      vertex 42.75 -25.450000002980232 12.981901424367297
    endloop
  endfacet
  facet normal 0 0 1
    outer loop
      vertex 41 -22.450000002980232 14.7
      vertex 40.54175234875388 -23.23556740511643 14.7
      vertex 41.489120764074414 -23.28849274139351 14.7
    endloop
  endfacet
  facet normal 0 0 -1
    outer loop
      vertex 54 21.977777779102325 -11.166666666666668
      vertex 52.86470546480295 23.92399698229726 -11.166666666666668
      vertex 55.21178172762056 24.05511788359472 -11.166666666666668
    endloop
  endfacet
  facet normal -0.863778900898433 -0.5038710255240867 3.953184297269049e-19
    outer loop
      vertex 54 21.977777779102325 -11.166666666666668
      vertex 52.86470546480295 23.92399698229726 11.166666666666668
      vertex 52.86470546480295 23.92399698229726 -11.166666666666668
    endloop
  endfacet
  facet normal 0.8637789008984336 -0.5038710255240858 0
    outer loop
      vertex 54 21.977777779102325 -11.166666666666668
      vertex 55.21178172762056 24.05511788359472 -11.166666666666668
      vertex 54 21.977777779102325 11.166666666666668
    endloop
  endfacet
  facet normal -0.863778900898433 -0.5038710255240867 0
    outer loop
      vertex 54 21.977777779102325 -11.166666666666668
      vertex 54 21.977777779102325 11.166666666666668
      vertex 52.86470546480295 23.92399698229726 11.166666666666668
    endloop
  endfacet
  facet normal 0.8637789008984336 -0.5038710255240858 0
    outer loop
      vertex 55.21178172762056 24.05511788359472 -11.166666666666668
      vertex 55.21178172762056 24.05511788359472 11.166666666666668
      vertex 54 21.977777779102325 11.166666666666668
    endloop
  endfacet
  facet normal 0 0 1
    outer loop
      vertex 54 21.977777779102325 11.166666666666668
      vertex 55.21178172762056 24.05511788359472 11.166666666666668
      vertex 52.86470546480295 23.92399698229726 11.166666666666668
    endloop
  endfacet
  facet normal 0 0 -1
    outer loop
      vertex 54 -21.977777779102325 -11.166666666666668
      vertex 55.21178172762056 -24.05511788359472 -11.166666666666668
      vertex 52.86470546480295 -23.92399698229726 -11.166666666666668
    endloop
  endfacet
  facet normal -0.863778900898433 0.5038710255240867 -3.953184297269049e-19
    outer loop
      vertex 54 -21.977777779102325 -11.166666666666668
      vertex 52.86470546480295 -23.92399698229726 -11.166666666666668
      vertex 52.86470546480295 -23.92399698229726 11.166666666666668
    endloop
  endfacet
  facet normal 0.8637789008984336 0.5038710255240858 0
    outer loop
      vertex 54 -21.977777779102325 -11.166666666666668
      vertex 54 -21.977777779102325 11.166666666666668
      vertex 55.21178172762056 -24.05511788359472 -11.166666666666668
    endloop
  endfacet
  facet normal -0.863778900898433 0.5038710255240867 0
    outer loop
      vertex 54 -21.977777779102325 -11.166666666666668
      vertex 52.86470546480295 -23.92399698229726 11.166666666666668
      vertex 54 -21.977777779102325 11.166666666666668
    endloop
  endfacet
  facet normal 0.8637789008984336 0.5038710255240858 0
    outer loop
      vertex 55.21178172762056 -24.05511788359472 -11.166666666666668
      vertex 54 -21.977777779102325 11.166666666666668
      vertex 55.21178172762056 -24.05511788359472 11.166666666666668
    endloop
  endfacet
  facet normal 0 0 1
    outer loop
      vertex 54 -21.977777779102325 11.166666666666668
      vertex 52.86470546480295 -23.92399698229726 11.166666666666668
      vertex 55.21178172762056 -24.05511788359472 11.166666666666668
    endloop
  endfacet
  facet normal 0 0 -1
    outer loop
      vertex 67 22.128571428358555 -17.985714285714288
      vertex 65.59455823281203 24.537900172109346 -17.985714285714288
      vertex 68.51495671008573 24.725640074219797 -17.985714285714288
    endloop
  endfacet
  facet normal -0.8637789008984327 -0.5038710255240875 -1.55567874100144e-17
    outer loop
      vertex 67 22.128571428358555 -17.985714285714288
      vertex 65.59455823281203 24.537900172109346 -15.477204392603545
      vertex 65.59455823281203 24.537900172109346 -17.985714285714288
    endloop
  endfacet
  facet normal 0.8637789008984331 -0.5038710255240867 -8.609728914365799e-19
    outer loop
      vertex 67 22.128571428358555 -17.985714285714288
      vertex 68.51495671008573 24.725640074219797 -17.985714285714288
      vertex 68.51495671008573 24.725640074219797 6.926630665148388
    endloop
  endfacet
  facet normal -0.8637789008984327 -0.5038710255240875 0
    outer loop
      vertex 67 22.128571428358555 -17.985714285714288
      vertex 67 22.128571428358555 17.985714285714288
      vertex 65.59455823281203 24.537900172109346 -15.477204392603545
    endloop
  endfacet
  facet normal 0.8637789008984331 -0.5038710255240867 0
    outer loop
      vertex 67 22.128571428358555 -17.985714285714288
      vertex 68.51495671008573 24.725640074219797 6.926630665148388
      vertex 67 22.128571428358555 17.985714285714288
    endloop
  endfacet
  facet normal -0.8637789008984328 -0.5038710255240875 -1.16619699250345e-18
    outer loop
      vertex 67 22.128571428358555 17.985714285714288
      vertex 65.59455823281203 24.537900172109346 17.985714285714288
      vertex 65.59455823281203 24.537900172109346 -15.477204392603545
    endloop
  endfacet
  facet normal 0.8637789008984331 -0.5038710255240868 -1.9394783872438222e-18
    outer loop
      vertex 67 22.128571428358555 17.985714285714288
      vertex 68.51495671008573 24.725640074219797 6.926630665148388
      vertex 68.51495671008573 24.725640074219797 17.985714285714288
    endloop
  endfacet
  facet normal 0 0 1
    outer loop
      vertex 67 22.128571428358555 17.985714285714288
      vertex 68.51495671008573 24.725640074219797 17.985714285714288
      vertex 65.59455823281203 24.537900172109346 17.985714285714288
    endloop
  endfacet
  facet normal 0 0 -1
    outer loop
      vertex 67 -22.128571428358555 -17.985714285714288
      vertex 68.51495671008573 -24.725640074219797 -17.985714285714288
      vertex 65.59455823281203 -24.537900172109346 -17.985714285714288
    endloop
  endfacet
  facet normal -0.8637789008984327 0.5038710255240875 1.55567874100144e-17
    outer loop
      vertex 67 -22.128571428358555 -17.985714285714288
      vertex 65.59455823281203 -24.537900172109346 -17.985714285714288
      vertex 65.59455823281203 -24.537900172109346 -15.477204392603545
    endloop
  endfacet
  facet normal 0.8637789008984331 0.5038710255240867 8.609728914365799e-19
    outer loop
      vertex 67 -22.128571428358555 -17.985714285714288
      vertex 68.51495671008573 -24.725640074219797 6.926630665148388
      vertex 68.51495671008573 -24.725640074219797 -17.985714285714288
    endloop
  endfacet
  facet normal -0.8637789008984327 0.5038710255240875 0
    outer loop
      vertex 67 -22.128571428358555 -17.985714285714288
      vertex 65.59455823281203 -24.537900172109346 -15.477204392603545
      vertex 67 -22.128571428358555 17.985714285714288
    endloop
  endfacet
  facet normal 0.8637789008984331 0.5038710255240867 0
    outer loop
      vertex 67 -22.128571428358555 -17.985714285714288
      vertex 67 -22.128571428358555 17.985714285714288
      vertex 68.51495671008573 -24.725640074219797 6.926630665148388
    endloop
  endfacet
  facet normal -0.8637789008984328 0.5038710255240875 1.16619699250345e-18
    outer loop
      vertex 67 -22.128571428358555 17.985714285714288
      vertex 65.59455823281203 -24.537900172109346 -15.477204392603545
      vertex 65.59455823281203 -24.537900172109346 17.985714285714288
    endloop
  endfacet
  facet normal 0.8637789008984331 0.5038710255240868 1.9394783872438222e-18
    outer loop
      vertex 67 -22.128571428358555 17.985714285714288
      vertex 68.51495671008573 -24.725640074219797 17.985714285714288
      vertex 68.51495671008573 -24.725640074219797 6.926630665148388
    endloop
  endfacet
  facet normal 0 0 1
    outer loop
      vertex 67 -22.128571428358555 17.985714285714288
      vertex 65.59455823281203 -24.537900172109346 17.985714285714288
      vertex 68.51495671008573 -24.725640074219797 17.985714285714288
    endloop
  endfacet
  facet normal 0 0 -1
    outer loop
      vertex 80 22.96428571641445 -14.642857142857142
      vertex 78.59455823412861 25.373614457908268 -14.642857142857142
      vertex 81.51495670866656 25.561354359842852 -14.642857142857142
    endloop
  endfacet
  facet normal -0.8637789008984343 -0.5038710255240848 0
    outer loop
      vertex 80 22.96428571641445 -14.642857142857142
      vertex 80 22.96428571641445 14.642857142857142
      vertex 78.59455823412861 25.373614457908268 -14.642857142857142
    endloop
  endfacet
  facet normal 0.8637789008984346 -0.5038710255240844 -1.9857444615879362e-18
    outer loop
      vertex 80 22.96428571641445 -14.642857142857142
      vertex 81.51495670866656 25.561354359842852 -14.642857142857142
      vertex 81.51495670866656 25.561354359842852 14.642857142857142
    endloop
  endfacet
  facet normal 0.8637789008984346 -0.5038710255240844 0
    outer loop
      vertex 80 22.96428571641445 -14.642857142857142
      vertex 81.51495670866656 25.561354359842852 14.642857142857142
      vertex 80 22.96428571641445 14.642857142857142
    endloop
  endfacet
  facet normal -0.8637789008984343 -0.5038710255240848 3.6715398759336453e-19
    outer loop
      vertex 80 22.96428571641445 14.642857142857142
      vertex 78.59455823412861 25.373614457908268 14.642857142857142
      vertex 78.59455823412861 25.373614457908268 -14.642857142857142
    endloop
  endfacet
  facet normal 0 0 1
    outer loop
      vertex 80 22.96428571641445 14.642857142857142
      vertex 81.51495670866656 25.561354359842852 14.642857142857142
      vertex 78.59455823412861 25.373614457908268 14.642857142857142
    endloop
  endfacet
  facet normal 0 0 -1
    outer loop
      vertex 80 -22.96428571641445 -14.642857142857142
      vertex 81.51495670866656 -25.561354359842852 -14.642857142857142
      vertex 78.59455823412861 -25.373614457908268 -14.642857142857142
    endloop
  endfacet
  facet normal 0.8637789008984346 0.5038710255240844 1.9857444615879362e-18
    outer loop
      vertex 80 -22.96428571641445 -14.642857142857142
      vertex 81.51495670866656 -25.561354359842852 14.642857142857142
      vertex 81.51495670866656 -25.561354359842852 -14.642857142857142
    endloop
  endfacet
  facet normal -0.8637789008984343 0.5038710255240848 0
    outer loop
      vertex 80 -22.96428571641445 -14.642857142857142
      vertex 78.59455823412861 -25.373614457908268 -14.642857142857142
      vertex 80 -22.96428571641445 14.642857142857142
    endloop
  endfacet
  facet normal -0.8637789008984343 0.5038710255240848 -3.6715398759336453e-19
    outer loop
      vertex 80 -22.96428571641445 14.642857142857142
      vertex 78.59455823412861 -25.373614457908268 -14.642857142857142
      vertex 78.59455823412861 -25.373614457908268 14.642857142857142
    endloop
  endfacet
  facet normal 0.8637789008984346 0.5038710255240844 0
    outer loop
      vertex 80 -22.96428571641445 -14.642857142857142
      vertex 80 -22.96428571641445 14.642857142857142
      vertex 81.51495670866656 -25.561354359842852 14.642857142857142
    endloop
  endfacet
  facet normal 0 0 1
    outer loop
      vertex 80 -22.96428571641445 14.642857142857142
      vertex 78.59455823412861 -25.373614457908268 14.642857142857142
      vertex 81.51495670866656 -25.561354359842852 14.642857142857142
    endloop
  endfacet
  facet normal 0 0 -1
    outer loop
      vertex 93 23.799999997019768 -11.3
      vertex 91.59455823125609 26.209328743437894 -11.3
      vertex 94.5149567117629 26.39706864575619 -11.3
    endloop
  endfacet
  facet normal -0.8637789008984326 -0.5038710255240878 0
    outer loop
      vertex 93 23.799999997019768 -11.3
      vertex 93 23.799999997019768 11.3
      vertex 91.59455823125609 26.209328743437894 -11.3
    endloop
  endfacet
  facet normal 0.8637789008984343 -0.5038710255240846 -7.953881748827674e-17
    outer loop
      vertex 93 23.799999997019768 -11.3
      vertex 94.5149567117629 26.39706864575619 -11.3
      vertex 94.5149567117629 26.397068645756185 11.3
    endloop
  endfacet
  facet normal -0.8637789008984326 -0.5038710255240878 2.145934102744177e-18
    outer loop
      vertex 93 23.799999997019768 11.3
      vertex 91.59455823125609 26.209328743437894 11.3
      vertex 91.59455823125609 26.209328743437894 -11.3
    endloop
  endfacet
  facet normal 0.863778900898434 -0.5038710255240851 0
    outer loop
      vertex 93 23.799999997019768 -11.3
      vertex 94.5149567117629 26.397068645756185 11.3
      vertex 93 23.799999997019768 11.3
    endloop
  endfacet
  facet normal 0 0 1
    outer loop
      vertex 93 23.799999997019768 11.3
      vertex 94.5149567117629 26.397068645756185 11.3
      vertex 91.59455823125609 26.209328743437894 11.3
    endloop
  endfacet
  facet normal 0 0 -1
    outer loop
      vertex 93 -23.799999997019768 -11.3
      vertex 94.5149567117629 -26.39706864575619 -11.3
      vertex 91.59455823125609 -26.209328743437894 -11.3
    endloop
  endfacet
  facet normal -0.8637789008984326 0.5038710255240878 0
    outer loop
      vertex 93 -23.799999997019768 -11.3
      vertex 91.59455823125609 -26.209328743437894 -11.3
      vertex 93 -23.799999997019768 11.3
    endloop
  endfacet
  facet normal 0.8637789008984343 0.5038710255240846 -7.809595052786012e-17
    outer loop
      vertex 93 -23.799999997019768 -11.3
      vertex 94.5149567117629 -26.397068645756185 11.3
      vertex 94.5149567117629 -26.39706864575619 -11.3
    endloop
  endfacet
  facet normal -0.8637789008984326 0.5038710255240878 -2.145934102744177e-18
    outer loop
      vertex 93 -23.799999997019768 11.3
      vertex 91.59455823125609 -26.209328743437894 -11.3
      vertex 91.59455823125609 -26.209328743437894 11.3
    endloop
  endfacet
  facet normal 0.863778900898434 0.5038710255240851 0
    outer loop
      vertex 93 -23.799999997019768 -11.3
      vertex 93 -23.799999997019768 11.3
      vertex 94.5149567117629 -26.397068645756185 11.3
    endloop
  endfacet
  facet normal 0 0 1
    outer loop
      vertex 93 -23.799999997019768 11.3
      vertex 91.59455823125609 -26.209328743437894 11.3
      vertex 94.5149567117629 -26.397068645756185 11.3
    endloop
  endfacet
  facet normal 0 0 -1
    outer loop
      vertex 106 24.635714285075665 -7.957142857142857
      vertex 104.59455823257267 27.045043029236815 -7.957142857142857
      vertex 107.51495671034375 27.23278293137924 -7.957142857142857
    endloop
  endfacet
  facet normal -0.8637789008984341 -0.5038710255240851 0
    outer loop
      vertex 106 24.635714285075665 -7.957142857142857
      vertex 106 24.635714285075665 7.957142857142857
      vertex 104.59455823257267 27.045043029236815 -7.957142857142857
    endloop
  endfacet
  facet normal 0.8637789008984333 -0.5038710255240862 -3.071123780602529e-18
    outer loop
      vertex 106 24.635714285075665 -7.957142857142857
      vertex 107.51495671034375 27.23278293137924 -7.957142857142857
      vertex 107.51495671034375 27.23278293137924 7.957142857142857
    endloop
  endfacet
  facet normal -0.8637789008984341 -0.5038710255240851 -3.670883896054981e-18
    outer loop
      vertex 106 24.635714285075665 7.957142857142857
      vertex 104.59455823257267 27.045043029236815 7.957142857142857
      vertex 104.59455823257267 27.045043029236815 -7.957142857142857
    endloop
  endfacet
  facet normal 0.8637789008984333 -0.5038710255240862 0
    outer loop
      vertex 106 24.635714285075665 -7.957142857142857
      vertex 107.51495671034375 27.23278293137924 7.957142857142857
      vertex 106 24.635714285075665 7.957142857142857
    endloop
  endfacet
  facet normal 0 0 1
    outer loop
      vertex 106 24.635714285075665 7.957142857142857
      vertex 107.51495671034375 27.23278293137924 7.957142857142857
      vertex 104.59455823257267 27.045043029236815 7.957142857142857
    endloop
  endfacet
  facet normal 0 0 -1
    outer loop
      vertex 106 -24.635714285075665 -7.957142857142857
      vertex 107.51495671034375 -27.23278293137924 -7.957142857142857
      vertex 104.59455823257267 -27.045043029236815 -7.957142857142857
    endloop
  endfacet
  facet normal -0.8637789008984341 0.5038710255240851 0
    outer loop
      vertex 106 -24.635714285075665 -7.957142857142857
      vertex 104.59455823257267 -27.045043029236815 -7.957142857142857
      vertex 106 -24.635714285075665 7.957142857142857
    endloop
  endfacet
  facet normal 0.8637789008984333 0.5038710255240862 3.071123780602529e-18
    outer loop
      vertex 106 -24.635714285075665 -7.957142857142857
      vertex 107.51495671034375 -27.23278293137924 7.957142857142857
      vertex 107.51495671034375 -27.23278293137924 -7.957142857142857
    endloop
  endfacet
  facet normal -0.8637789008984341 0.5038710255240851 3.670883896054981e-18
    outer loop
      vertex 106 -24.635714285075665 7.957142857142857
      vertex 104.59455823257267 -27.045043029236815 -7.957142857142857
      vertex 104.59455823257267 -27.045043029236815 7.957142857142857
    endloop
  endfacet
  facet normal 0.8637789008984333 0.5038710255240862 0
    outer loop
      vertex 106 -24.635714285075665 -7.957142857142857
      vertex 106 -24.635714285075665 7.957142857142857
      vertex 107.51495671034375 -27.23278293137924 7.957142857142857
    endloop
  endfacet
  facet normal 0 0 1
    outer loop
      vertex 106 -24.635714285075665 7.957142857142857
      vertex 104.59455823257267 -27.045043029236815 7.957142857142857
      vertex 107.51495671034375 -27.23278293137924 7.957142857142857
    endloop
  endfacet
  facet normal 0 0 -1
    outer loop
      vertex 119 25.47142857313156 -4.614285714285714
      vertex 117.59455823388923 27.880757315035737 -4.614285714285714
      vertex 120.5149567089246 28.068497217002296 -4.614285714285714
    endloop
  endfacet
  facet normal -0.8637789008984335 -0.5038710255240862 0
    outer loop
      vertex 119 25.47142857313156 -4.614285714285714
      vertex 119 25.47142857313156 4.614285714285714
      vertex 117.59455823388923 27.880757315035737 -4.614285714285714
    endloop
  endfacet
  facet normal 0.8637789008984327 -0.5038710255240875 -7.618930472249856e-18
    outer loop
      vertex 119 25.47142857313156 -4.614285714285714
      vertex 120.5149567089246 28.068497217002296 -4.614285714285714
      vertex 120.5149567089246 28.068497217002296 4.614285714285714
    endloop
  endfacet
  facet normal 0.8637789008984327 -0.5038710255240875 0
    outer loop
      vertex 119 25.47142857313156 -4.614285714285714
      vertex 120.5149567089246 28.068497217002296 4.614285714285714
      vertex 119 25.47142857313156 4.614285714285714
    endloop
  endfacet
  facet normal -0.8637789008984335 -0.5038710255240862 -2.594220760048269e-18
    outer loop
      vertex 119 25.47142857313156 4.614285714285714
      vertex 117.59455823388923 27.880757315035737 4.614285714285714
      vertex 117.59455823388923 27.880757315035737 -4.614285714285714
    endloop
  endfacet
  facet normal 0 0 1
    outer loop
      vertex 119 25.47142857313156 4.614285714285714
      vertex 120.5149567089246 28.068497217002296 4.614285714285714
      vertex 117.59455823388923 27.880757315035737 4.614285714285714
    endloop
  endfacet
  facet normal 0 0 -1
    outer loop
      vertex 119 -25.47142857313156 -4.614285714285714
      vertex 120.5149567089246 -28.068497217002296 -4.614285714285714
      vertex 117.59455823388923 -27.880757315035737 -4.614285714285714
    endloop
  endfacet
  facet normal 0.8637789008984327 0.5038710255240875 7.618930472249856e-18
    outer loop
      vertex 119 -25.47142857313156 -4.614285714285714
      vertex 120.5149567089246 -28.068497217002296 4.614285714285714
      vertex 120.5149567089246 -28.068497217002296 -4.614285714285714
    endloop
  endfacet
  facet normal -0.8637789008984335 0.5038710255240862 0
    outer loop
      vertex 119 -25.47142857313156 -4.614285714285714
      vertex 117.59455823388923 -27.880757315035737 -4.614285714285714
      vertex 119 -25.47142857313156 4.614285714285714
    endloop
  endfacet
  facet normal -0.8637789008984335 0.5038710255240862 2.594220760048269e-18
    outer loop
      vertex 119 -25.47142857313156 4.614285714285714
      vertex 117.59455823388923 -27.880757315035737 -4.614285714285714
      vertex 117.59455823388923 -27.880757315035737 4.614285714285714
    endloop
  endfacet
  facet normal 0.8637789008984327 0.5038710255240875 0
    outer loop
      vertex 119 -25.47142857313156 -4.614285714285714
      vertex 119 -25.47142857313156 4.614285714285714
      vertex 120.5149567089246 -28.068497217002296 4.614285714285714
    endloop
  endfacet
  facet normal 0 0 1
    outer loop
      vertex 119 -25.47142857313156 4.614285714285714
      vertex 117.59455823388923 -27.880757315035737 4.614285714285714
      vertex 120.5149567089246 -28.068497217002296 4.614285714285714
    endloop
  endfacet
  facet normal -0.8637789008984336 -0.5038710255240859 0
    outer loop
      vertex 132 26.307142853736877 -1.2714285714285722
      vertex 132 26.307142853736877 1.2714285714285722
      vertex 130.59455823101672 28.71647160056536 -1.2714285714285722
    endloop
  endfacet
  facet normal 0 0 -1
    outer loop
      vertex 132 26.307142853736877 -1.2714285714285722
      vertex 130.59455823101672 28.71647160056536 -1.2714285714285722
      vertex 133.51495671202093 28.904211502915633 -1.2714285714285722
    endloop
  endfacet
  facet normal 0.8637789008984345 -0.5038710255240841 -1.3528163690423556e-17
    outer loop
      vertex 132 26.307142853736877 -1.2714285714285722
      vertex 133.51495671202093 28.904211502915633 -1.2714285714285722
      vertex 133.51495671202093 28.904211502915633 1.2714285714285722
    endloop
  endfacet
  facet normal -0.8637789008984336 -0.5038710255240859 2.6513012238037667e-17
    outer loop
      vertex 132 26.307142853736877 1.2714285714285722
      vertex 130.59455823101672 28.71647160056536 1.2714285714285722
      vertex 130.59455823101672 28.71647160056536 -1.2714285714285722
    endloop
  endfacet
  facet normal 0.8637789008984345 -0.5038710255240841 0
    outer loop
      vertex 132 26.307142853736877 -1.2714285714285722
      vertex 133.51495671202093 28.904211502915633 1.2714285714285722
      vertex 132 26.307142853736877 1.2714285714285722
    endloop
  endfacet
  facet normal 0 0 1
    outer loop
      vertex 132 26.307142853736877 1.2714285714285722
      vertex 133.51495671202093 28.904211502915633 1.2714285714285722
      vertex 130.59455823101672 28.71647160056536 1.2714285714285722
    endloop
  endfacet
  facet normal 0 0 -1
    outer loop
      vertex 132 -26.307142853736877 -1.2714285714285722
      vertex 133.51495671202093 -28.904211502915633 -1.2714285714285722
      vertex 130.59455823101672 -28.71647160056536 -1.2714285714285722
    endloop
  endfacet
  facet normal 0.8637789008984345 0.5038710255240841 1.3528163690423556e-17
    outer loop
      vertex 132 -26.307142853736877 -1.2714285714285722
      vertex 133.51495671202093 -28.904211502915633 1.2714285714285722
      vertex 133.51495671202093 -28.904211502915633 -1.2714285714285722
    endloop
  endfacet
  facet normal -0.8637789008984336 0.5038710255240859 0
    outer loop
      vertex 132 -26.307142853736877 -1.2714285714285722
      vertex 130.59455823101672 -28.71647160056536 -1.2714285714285722
      vertex 132 -26.307142853736877 1.2714285714285722
    endloop
  endfacet
  facet normal -0.8637789008984336 0.5038710255240859 -2.6513012238037667e-17
    outer loop
      vertex 132 -26.307142853736877 1.2714285714285722
      vertex 130.59455823101672 -28.71647160056536 -1.2714285714285722
      vertex 130.59455823101672 -28.71647160056536 1.2714285714285722
    endloop
  endfacet
  facet normal 0 0 1
    outer loop
      vertex 132 -26.307142853736877 1.2714285714285722
      vertex 130.59455823101672 -28.71647160056536 1.2714285714285722
      vertex 133.51495671202093 -28.904211502915633 1.2714285714285722
    endloop
  endfacet
  facet normal 0.8637789008984345 0.5038710255240841 0
    outer loop
      vertex 132 -26.307142853736877 -1.2714285714285722
      vertex 132 -26.307142853736877 1.2714285714285722
      vertex 133.51495671202093 -28.904211502915633 1.2714285714285722
    endloop
  endfacet
endsolid OpenSCAD_Model
